ordinal,system,role,bw_ratio,snr_db,primary_scorer,n_total,n_correct,accuracy_end_to_end,n_delivered,coverage_rate,decode_failure_count,infeasible_count,acc_given_delivery,mean_papr_db,max_papr_db,papr_measured_count,papr_cap_db,papr_cap_compliant,papr_domain,unit_id,source_epoch
0,learned,er1_headline_learned,r_1_6,-8,own_task_head,1000,728,0.728,1000,1.0,0,0,0.728,13.218187811851502,20.059284210205078,1000,,,symbol_domain_not_oversampled_waveform,w10unit-cdb9068866aaffd7238fba1d97f8c38be48d6e6db3cd728218950c527a5d198b,v8
1,learned,er1_headline_learned,r_1_6,-7,own_task_head,1000,738,0.738,1000,1.0,0,0,0.738,13.218187811851502,20.059284210205078,1000,,,symbol_domain_not_oversampled_waveform,w10unit-d0c77276524c3c49da5848bdef64025e36ea27f8479b275d7f95e2e19f6697f4,v8
2,learned,er1_headline_learned,r_1_6,-6,own_task_head,1000,757,0.757,1000,1.0,0,0,0.757,13.218187811851502,20.059284210205078,1000,,,symbol_domain_not_oversampled_waveform,w10unit-acf5df8f1b796eb45e76d6f07d903fd92304894463a04fba0b58c5dec18ceb7c,v8
3,learned,er1_headline_learned,r_1_6,-5,own_task_head,1000,775,0.775,1000,1.0,0,0,0.775,13.218187811851502,20.059284210205078,1000,,,symbol_domain_not_oversampled_waveform,w10unit-488fe0dc45515b409ea720470b4f6d19a8be250a896e7925ad13569f36eaea5c,v8
4,learned,er1_headline_learned,r_1_6,-4,own_task_head,1000,794,0.794,1000,1.0,0,0,0.794,13.218187811851502,20.059284210205078,1000,,,symbol_domain_not_oversampled_waveform,w10unit-efbc192f77dce1ad63ef7580db42c1e4d7eaaee297c439016aeb3eef05ecbad1,v8
5,learned,er1_headline_learned,r_1_6,-3,own_task_head,1000,799,0.799,1000,1.0,0,0,0.799,13.218187811851502,20.059284210205078,1000,,,symbol_domain_not_oversampled_waveform,w10unit-6880b3683391d8e11850d4245806f03d7e9ebb8a338839711001932045b2dddb,v8
6,learned,er1_headline_learned,r_1_6,-2,own_task_head,1000,807,0.807,1000,1.0,0,0,0.807,13.218187811851502,20.059284210205078,1000,,,symbol_domain_not_oversampled_waveform,w10unit-96475f400b019b43d4ff95019bddaceb7038d1a0bd333bf13e98d9339d776345,v8
7,learned,er1_headline_learned,r_1_6,-1,own_task_head,1000,815,0.815,1000,1.0,0,0,0.815,13.218187811851502,20.059284210205078,1000,,,symbol_domain_not_oversampled_waveform,w10unit-59404440f1ef850bf26f93543f02af9ad4d513bd07185845dbbabf440410147b,v8
8,learned,er1_headline_learned,r_1_6,0,own_task_head,1000,812,0.812,1000,1.0,0,0,0.812,13.218187811851502,20.059284210205078,1000,,,symbol_domain_not_oversampled_waveform,w10unit-cd9bfb65ecb3414d383ebd8802b0cb3b61a0f1629f0758b4aac68fea0e9b87bc,v8
9,learned,er1_headline_learned,r_1_6,1,own_task_head,1000,826,0.826,1000,1.0,0,0,0.826,13.218187811851502,20.059284210205078,1000,,,symbol_domain_not_oversampled_waveform,w10unit-9a2f9650f911bababbab7945429269583eec1a6f904aea82ad3208e9188c1639,v8
10,learned,er1_headline_learned,r_1_6,2,own_task_head,1000,820,0.82,1000,1.0,0,0,0.82,13.218187811851502,20.059284210205078,1000,,,symbol_domain_not_oversampled_waveform,w10unit-c38fc84fb4f155e9851f12610c599ae4ac54d74a102e50c8f76fa176d73fb0b8,v8
11,learned,er1_headline_learned,r_1_6,3,own_task_head,1000,826,0.826,1000,1.0,0,0,0.826,13.218187811851502,20.059284210205078,1000,,,symbol_domain_not_oversampled_waveform,w10unit-b700309e2c626f6fb22e4ad200ea47be9b55a20d7914a064ad133fccf635d77f,v8
12,learned,er1_headline_learned,r_1_6,4,own_task_head,1000,828,0.828,1000,1.0,0,0,0.828,13.218187811851502,20.059284210205078,1000,,,symbol_domain_not_oversampled_waveform,w10unit-4eb0c9b4da60891ddc602709e44f92169ac5d615901ef8285968170d50fcd072,v8
13,learned,er1_headline_learned,r_1_6,5,own_task_head,1000,832,0.832,1000,1.0,0,0,0.832,13.218187811851502,20.059284210205078,1000,,,symbol_domain_not_oversampled_waveform,w10unit-d2ddc41c2ecd5b58404f3bfa6e222aa5b1b6eaef0c10a883b3bd5ae15fe1929b,v8
14,learned,er1_headline_learned,r_1_6,6,own_task_head,1000,832,0.832,1000,1.0,0,0,0.832,13.218187811851502,20.059284210205078,1000,,,symbol_domain_not_oversampled_waveform,w10unit-addd4f9e5fa39bd5dd93c42b55324f7f596ae34e0992096070909ccb1101d4aa,v8
15,learned,er1_headline_learned,r_1_6,7,own_task_head,1000,836,0.836,1000,1.0,0,0,0.836,13.218187811851502,20.059284210205078,1000,,,symbol_domain_not_oversampled_waveform,w10unit-3666c2a55f1b5c6a539c78c9355de5e5328a454a54d39750537a3edfcdf83753,v8
16,learned,er1_headline_learned,r_1_6,9,own_task_head,1000,838,0.838,1000,1.0,0,0,0.838,13.218187811851502,20.059284210205078,1000,,,symbol_domain_not_oversampled_waveform,w10unit-b2b21d88010d7435fd6a572d8438aafbfcde1bcc08a709f767a9177bca2f2455,v8
17,learned,er1_headline_learned,r_1_6,11,own_task_head,1000,834,0.834,1000,1.0,0,0,0.834,13.218187811851502,20.059284210205078,1000,,,symbol_domain_not_oversampled_waveform,w10unit-e17abb7ac251784481407b607c7d7fc5c3f6879e20d41061cadf8b7f8a07886d,v8
18,learned,er1_headline_learned,r_1_6,13,own_task_head,1000,838,0.838,1000,1.0,0,0,0.838,13.218187811851502,20.059284210205078,1000,,,symbol_domain_not_oversampled_waveform,w10unit-6c671ec5b39b434699548101aa0f69f4b3e5c8e30564d72c4f82191a1ffb519b,v8
19,learned,er1_headline_learned,r_1_6,15,own_task_head,1000,835,0.835,1000,1.0,0,0,0.835,13.218187811851502,20.059284210205078,1000,,,symbol_domain_not_oversampled_waveform,w10unit-34fc0cb1e2d3bd74faeb8c5268961eba2a66b6215fc2fd1c9c5b06d4fd391a74,v8
20,learned,er1_headline_learned,r_1_6,18,own_task_head,1000,834,0.834,1000,1.0,0,0,0.834,13.218187811851502,20.059284210205078,1000,,,symbol_domain_not_oversampled_waveform,w10unit-49e21d6e7e3d179aa9219dedfd0eade5b2afed0d6238715e2a8586bbc132b01a,v8
21,learned,er11_efficiency_learned,r_1_24,-8,own_task_head,1000,494,0.494,1000,1.0,0,0,0.494,12.213924879074098,19.481657028198242,1000,,,symbol_domain_not_oversampled_waveform,w10unit-3c6149b1284cf268d6700c67fe7291ed7f3fe76de5994152a2b48a89707413b5,v8
22,learned,er11_efficiency_learned,r_1_24,-7,own_task_head,1000,560,0.56,1000,1.0,0,0,0.56,12.213924879074098,19.481657028198242,1000,,,symbol_domain_not_oversampled_waveform,w10unit-f8265f48687a67cb91d118f9161080d8928479e55d811f188980c0f34a5b332f,v8
23,learned,er11_efficiency_learned,r_1_24,-6,own_task_head,1000,617,0.617,1000,1.0,0,0,0.617,12.213924879074098,19.481657028198242,1000,,,symbol_domain_not_oversampled_waveform,w10unit-f9eed923f6780e416cafaa4071da565a5fba6a2b7decc3bbb3b1c807fbbad098,v8
24,learned,er11_efficiency_learned,r_1_24,-5,own_task_head,1000,674,0.674,1000,1.0,0,0,0.674,12.213924879074098,19.481657028198242,1000,,,symbol_domain_not_oversampled_waveform,w10unit-762d1fe50570cae8fd2bda1b65233f8bb8e0e3766f03c38cf503b639cad80c92,v8
25,learned,er11_efficiency_learned,r_1_24,-4,own_task_head,1000,693,0.693,1000,1.0,0,0,0.693,12.213924879074098,19.481657028198242,1000,,,symbol_domain_not_oversampled_waveform,w10unit-ae927692d513c8e31d7dfe6b99a6a4c9b0f09a24952ccb24d96076eb20c20663,v8
26,learned,er11_efficiency_learned,r_1_24,-3,own_task_head,1000,736,0.736,1000,1.0,0,0,0.736,12.213924879074098,19.481657028198242,1000,,,symbol_domain_not_oversampled_waveform,w10unit-68a7458348dbdfb64f0652bc4b6e77ecadbc3a037bd417c6b1afbe7ab3d9237e,v8
27,learned,er11_efficiency_learned,r_1_24,-2,own_task_head,1000,762,0.762,1000,1.0,0,0,0.762,12.213924879074098,19.481657028198242,1000,,,symbol_domain_not_oversampled_waveform,w10unit-7176ebf5a34d0d4630ec5967dddd6de47bc121b4f9f58eff3b92af8a7a5b924f,v8
28,learned,er11_efficiency_learned,r_1_24,-1,own_task_head,1000,785,0.785,1000,1.0,0,0,0.785,12.213924879074098,19.481657028198242,1000,,,symbol_domain_not_oversampled_waveform,w10unit-aea51188e81d8c183a24c6bd02eb2e66728995aa5c72f34c8886487678129e6b,v8
29,learned,er11_efficiency_learned,r_1_24,0,own_task_head,1000,787,0.787,1000,1.0,0,0,0.787,12.213924879074098,19.481657028198242,1000,,,symbol_domain_not_oversampled_waveform,w10unit-5991d25900c8b33686e8688705262c2ea8ae5371d77ea5daead699b45b309b13,v8
30,learned,er11_efficiency_learned,r_1_24,1,own_task_head,1000,806,0.806,1000,1.0,0,0,0.806,12.213924879074098,19.481657028198242,1000,,,symbol_domain_not_oversampled_waveform,w10unit-3053c6596dcd205cc58c297190b743bbcb0083ef52a43b5cdd75a0e16ec6f1b6,v8
31,learned,er11_efficiency_learned,r_1_24,2,own_task_head,1000,808,0.808,1000,1.0,0,0,0.808,12.213924879074098,19.481657028198242,1000,,,symbol_domain_not_oversampled_waveform,w10unit-5a1db84e7e167af57e27d0e0e01290a395ecb0f223f2d6ea17792d705c2c594d,v8
32,learned,er11_efficiency_learned,r_1_24,3,own_task_head,1000,818,0.818,1000,1.0,0,0,0.818,12.213924879074098,19.481657028198242,1000,,,symbol_domain_not_oversampled_waveform,w10unit-12dc2b0df0429d81ec2f6d32e1139d55b679e87dc40b2cc145db15771969ff24,v8
33,learned,er11_efficiency_learned,r_1_24,4,own_task_head,1000,820,0.82,1000,1.0,0,0,0.82,12.213924879074098,19.481657028198242,1000,,,symbol_domain_not_oversampled_waveform,w10unit-a0253eeddf0095dec0169d039a97f6542c3c901c4a1851d72bf93db9a6eecb4d,v8
34,learned,er11_efficiency_learned,r_1_24,5,own_task_head,1000,820,0.82,1000,1.0,0,0,0.82,12.213924879074098,19.481657028198242,1000,,,symbol_domain_not_oversampled_waveform,w10unit-d37f83c849494cdf7e3c1097c72f14c0fcb9e90cd0e855c7711322e2bcb3f740,v8
35,learned,er11_efficiency_learned,r_1_24,6,own_task_head,1000,825,0.825,1000,1.0,0,0,0.825,12.213924879074098,19.481657028198242,1000,,,symbol_domain_not_oversampled_waveform,w10unit-a0b3a22336b657c97406bc5a96efb281335a06dd8dbbbdff112fe16c9035a27b,v8
36,learned,er11_efficiency_learned,r_1_24,7,own_task_head,1000,829,0.829,1000,1.0,0,0,0.829,12.213924879074098,19.481657028198242,1000,,,symbol_domain_not_oversampled_waveform,w10unit-282ab5892e71a41d31a97a986b1cc2050f4e69dcc12f575ad8f410dcb96ef32e,v8
37,learned,er11_efficiency_learned,r_1_24,9,own_task_head,1000,827,0.827,1000,1.0,0,0,0.827,12.213924879074098,19.481657028198242,1000,,,symbol_domain_not_oversampled_waveform,w10unit-1d2039f90268aa9157e232a20f1c868f44697fae9e48723d2974e5eba44d5c2f,v8
38,learned,er11_efficiency_learned,r_1_24,11,own_task_head,1000,835,0.835,1000,1.0,0,0,0.835,12.213924879074098,19.481657028198242,1000,,,symbol_domain_not_oversampled_waveform,w10unit-597d5e515d10be63ece32b7bb12c19d5100349bc1d75593108da2718cd12e7d1,v8
39,learned,er11_efficiency_learned,r_1_24,13,own_task_head,1000,832,0.832,1000,1.0,0,0,0.832,12.213924879074098,19.481657028198242,1000,,,symbol_domain_not_oversampled_waveform,w10unit-6cbc4e2310858f3684b256a55ecfea855b7f92df5f0ec61e8ad5cf5c64307364,v8
40,learned,er11_efficiency_learned,r_1_24,15,own_task_head,1000,835,0.835,1000,1.0,0,0,0.835,12.213924879074098,19.481657028198242,1000,,,symbol_domain_not_oversampled_waveform,w10unit-4dccc34e525cf799c8feb169039a1c50b0bdd7bcdb366bc0cda48f6d0d10c468,v8
41,learned,er11_efficiency_learned,r_1_24,18,own_task_head,1000,828,0.828,1000,1.0,0,0,0.828,12.213924879074098,19.481657028198242,1000,,,symbol_domain_not_oversampled_waveform,w10unit-b6bc5eec52401cea8af25787852b7d9e27cc6fbf4e741419c3bf6494f941afd8,v8
42,learned_snr_randomised,er2_snr_randomised,r_1_6,-8,own_task_head,1000,770,0.77,1000,1.0,0,0,0.77,13.257070855140686,20.71546745300293,1000,,,symbol_domain_not_oversampled_waveform,w10unit-09854aafacbc7e77fa1413005be82323fb5b1538c5b73365f1cd1156c23a9fbe,v8
43,learned_snr_randomised,er2_snr_randomised,r_1_6,-7,own_task_head,1000,786,0.786,1000,1.0,0,0,0.786,13.257070855140686,20.71546745300293,1000,,,symbol_domain_not_oversampled_waveform,w10unit-9196a141b07a12843f44631a23a5e5692746ef4c94fd9b1e049c7e831a8a34ff,v8
44,learned_snr_randomised,er2_snr_randomised,r_1_6,-6,own_task_head,1000,802,0.802,1000,1.0,0,0,0.802,13.257070855140686,20.71546745300293,1000,,,symbol_domain_not_oversampled_waveform,w10unit-5fecd61845ddd12689ab05ce40da59371ca4d11530720feda8f8c55885a57c90,v8
45,learned_snr_randomised,er2_snr_randomised,r_1_6,-5,own_task_head,1000,824,0.824,1000,1.0,0,0,0.824,13.257070855140686,20.71546745300293,1000,,,symbol_domain_not_oversampled_waveform,w10unit-f2f8c8e96a15515bbe6230a2a64d66a30101426900a48a77108ee94f0bebdb5c,v8
46,learned_snr_randomised,er2_snr_randomised,r_1_6,-4,own_task_head,1000,824,0.824,1000,1.0,0,0,0.824,13.257070855140686,20.71546745300293,1000,,,symbol_domain_not_oversampled_waveform,w10unit-546bbb5c33f7d98e3ad8e151cf9ad1250e254483efe6f0374c2b91172edf605d,v8
47,learned_snr_randomised,er2_snr_randomised,r_1_6,-3,own_task_head,1000,826,0.826,1000,1.0,0,0,0.826,13.257070855140686,20.71546745300293,1000,,,symbol_domain_not_oversampled_waveform,w10unit-cf6cd4771aa920a240c1fc48c9e3299d43a1cd304b656f6099261f78a423b552,v8
48,learned_snr_randomised,er2_snr_randomised,r_1_6,-2,own_task_head,1000,825,0.825,1000,1.0,0,0,0.825,13.257070855140686,20.71546745300293,1000,,,symbol_domain_not_oversampled_waveform,w10unit-ddcd64c950687e8c4c98ae5925b48a7ee5dd3ec3c516c681d4196806a913acf0,v8
49,learned_snr_randomised,er2_snr_randomised,r_1_6,-1,own_task_head,1000,831,0.831,1000,1.0,0,0,0.831,13.257070855140686,20.71546745300293,1000,,,symbol_domain_not_oversampled_waveform,w10unit-4d3b94f75f8403e0ec9f24f26ccb0c55c750e362b270ddc1d7bcc50ccf10d896,v8
50,learned_snr_randomised,er2_snr_randomised,r_1_6,0,own_task_head,1000,830,0.83,1000,1.0,0,0,0.83,13.257070855140686,20.71546745300293,1000,,,symbol_domain_not_oversampled_waveform,w10unit-beaeafaaa05a22b089db702cc472c46a9ff9c564b0ec5396385f30b44b5c8a48,v8
51,learned_snr_randomised,er2_snr_randomised,r_1_6,1,own_task_head,1000,837,0.837,1000,1.0,0,0,0.837,13.257070855140686,20.71546745300293,1000,,,symbol_domain_not_oversampled_waveform,w10unit-b86c9713a8bfa8d6eb519600292c112dc8d37b030dd09c49b0cee052995877f3,v8
52,learned_snr_randomised,er2_snr_randomised,r_1_6,2,own_task_head,1000,832,0.832,1000,1.0,0,0,0.832,13.257070855140686,20.71546745300293,1000,,,symbol_domain_not_oversampled_waveform,w10unit-418ffd2e0b4644d6d8dfa2e1135bcf485e38e9f568de7a5f106d5b6b30e8dad9,v8
53,learned_snr_randomised,er2_snr_randomised,r_1_6,3,own_task_head,1000,837,0.837,1000,1.0,0,0,0.837,13.257070855140686,20.71546745300293,1000,,,symbol_domain_not_oversampled_waveform,w10unit-86c05831d4eb9b6ff4ba1eca743d28b419087d311ab2c689513137df2c079595,v8
54,learned_snr_randomised,er2_snr_randomised,r_1_6,4,own_task_head,1000,829,0.829,1000,1.0,0,0,0.829,13.257070855140686,20.71546745300293,1000,,,symbol_domain_not_oversampled_waveform,w10unit-1f970f96c46561abb5e40847444373917fa50e694d1ff1f40c2abf48c8b4878f,v8
55,learned_snr_randomised,er2_snr_randomised,r_1_6,5,own_task_head,1000,830,0.83,1000,1.0,0,0,0.83,13.257070855140686,20.71546745300293,1000,,,symbol_domain_not_oversampled_waveform,w10unit-f533460acf7652212c4aa5761e819c372b7be6a92debd188afe6f0e31a1ae61d,v8
56,learned_snr_randomised,er2_snr_randomised,r_1_6,6,own_task_head,1000,836,0.836,1000,1.0,0,0,0.836,13.257070855140686,20.71546745300293,1000,,,symbol_domain_not_oversampled_waveform,w10unit-2cd8dcd4e117c348e303f403a8c90482d6fed1e33e790eb265236b287ca8bcbf,v8
57,learned_snr_randomised,er2_snr_randomised,r_1_6,7,own_task_head,1000,838,0.838,1000,1.0,0,0,0.838,13.257070855140686,20.71546745300293,1000,,,symbol_domain_not_oversampled_waveform,w10unit-26810ba70b2a883a7bd5faabacef2e020d523e79595f81f55feaffd91c6d4182,v8
58,learned_snr_randomised,er2_snr_randomised,r_1_6,9,own_task_head,1000,841,0.841,1000,1.0,0,0,0.841,13.257070855140686,20.71546745300293,1000,,,symbol_domain_not_oversampled_waveform,w10unit-e62b6cb9c788f5cab62589285cc15695fc947d5145e79d3054e170d0c53d5fe3,v8
59,learned_snr_randomised,er2_snr_randomised,r_1_6,11,own_task_head,1000,838,0.838,1000,1.0,0,0,0.838,13.257070855140686,20.71546745300293,1000,,,symbol_domain_not_oversampled_waveform,w10unit-be6ca3b79ae48f8e253a336793e7e802a73d40c46edcdf61a9049f0466eead16,v8
60,learned_snr_randomised,er2_snr_randomised,r_1_6,13,own_task_head,1000,838,0.838,1000,1.0,0,0,0.838,13.257070855140686,20.71546745300293,1000,,,symbol_domain_not_oversampled_waveform,w10unit-8e67bcc7bc639a86784b4d099ab0cd49818a04a739d7949a0075e27f33a30218,v8
61,learned_snr_randomised,er2_snr_randomised,r_1_6,15,own_task_head,1000,838,0.838,1000,1.0,0,0,0.838,13.257070855140686,20.71546745300293,1000,,,symbol_domain_not_oversampled_waveform,w10unit-3b0e5e98c2acfaf182c08c90cf778740124f5a85d876cf15cb59d5dc6d841df4,v8
62,learned_snr_randomised,er2_snr_randomised,r_1_6,18,own_task_head,1000,839,0.839,1000,1.0,0,0,0.839,13.257070855140686,20.71546745300293,1000,,,symbol_domain_not_oversampled_waveform,w10unit-8af0c24899ba9c664f06b881f0d27d8d8ff09b20f09acbbdd7d369334b3f3ac4,v8
63,learned_papr_constrained,sr16_papr_secondary,r_1_6,-8,own_task_head,1000,759,0.759,1000,1.0,0,0,0.759,3.0000010952949525,3.000002145767212,1000,3.0,True,symbol_domain_not_oversampled_waveform,w10unit-03cc1e0d3dde5341931811af6603162855a4137fd25e8e812e3a43b5c84b44f4,v8
64,learned_papr_constrained,sr16_papr_secondary,r_1_6,-7,own_task_head,1000,787,0.787,1000,1.0,0,0,0.787,3.0000010952949525,3.000002145767212,1000,3.0,True,symbol_domain_not_oversampled_waveform,w10unit-ab2692f48ed07dba0118713b1d6cc2a024719ae225df250c080cbf3dd29c5200,v8
65,learned_papr_constrained,sr16_papr_secondary,r_1_6,-6,own_task_head,1000,788,0.788,1000,1.0,0,0,0.788,3.0000010952949525,3.000002145767212,1000,3.0,True,symbol_domain_not_oversampled_waveform,w10unit-39b96c6f5050a397f53241d1d8b573c532ccf0d647300481c2115631e2e55244,v8
66,learned_papr_constrained,sr16_papr_secondary,r_1_6,-5,own_task_head,1000,801,0.801,1000,1.0,0,0,0.801,3.0000010952949525,3.000002145767212,1000,3.0,True,symbol_domain_not_oversampled_waveform,w10unit-3c8d24853493b2af606e37f1bc53a1e97c147817aa545343b719c6f7f1475c49,v8
67,learned_papr_constrained,sr16_papr_secondary,r_1_6,-4,own_task_head,1000,805,0.805,1000,1.0,0,0,0.805,3.0000010952949525,3.000002145767212,1000,3.0,True,symbol_domain_not_oversampled_waveform,w10unit-52f24c4c938b93f074b86cc67983bf1728b53dc46bbcae4cd1613ae5a9d30238,v8
68,learned_papr_constrained,sr16_papr_secondary,r_1_6,-3,own_task_head,1000,808,0.808,1000,1.0,0,0,0.808,3.0000010952949525,3.000002145767212,1000,3.0,True,symbol_domain_not_oversampled_waveform,w10unit-98b602640000015754e3e49344204e57e7d48dcde283be99ab7c7db462b9c271,v8
69,learned_papr_constrained,sr16_papr_secondary,r_1_6,-2,own_task_head,1000,807,0.807,1000,1.0,0,0,0.807,3.0000010952949525,3.000002145767212,1000,3.0,True,symbol_domain_not_oversampled_waveform,w10unit-6bb2d171f0223e6bde25692c67f705e3a5e4a496a48a7adecd9b37e560e90772,v8
70,learned_papr_constrained,sr16_papr_secondary,r_1_6,-1,own_task_head,1000,822,0.822,1000,1.0,0,0,0.822,3.0000010952949525,3.000002145767212,1000,3.0,True,symbol_domain_not_oversampled_waveform,w10unit-4d8b46423992ffa4c6a225eaa52adc2aa141e2bbb6d8df0d68fc02374e204098,v8
71,learned_papr_constrained,sr16_papr_secondary,r_1_6,0,own_task_head,1000,823,0.823,1000,1.0,0,0,0.823,3.0000010952949525,3.000002145767212,1000,3.0,True,symbol_domain_not_oversampled_waveform,w10unit-70e99d1aee69d5e4b5db0dffadf3c3b240e46ea7f6ec15a92fdebe4da55ae6ca,v8
72,learned_papr_constrained,sr16_papr_secondary,r_1_6,1,own_task_head,1000,830,0.83,1000,1.0,0,0,0.83,3.0000010952949525,3.000002145767212,1000,3.0,True,symbol_domain_not_oversampled_waveform,w10unit-efcb4d192fd849191b09ce718af62697eacb9197a8f5c53a1da009fd71bfc2e9,v8
73,learned_papr_constrained,sr16_papr_secondary,r_1_6,2,own_task_head,1000,826,0.826,1000,1.0,0,0,0.826,3.0000010952949525,3.000002145767212,1000,3.0,True,symbol_domain_not_oversampled_waveform,w10unit-0858abf15318111d1e1125b1e20b0acbea8bc0c4ed04400748b94adb96476309,v8
74,learned_papr_constrained,sr16_papr_secondary,r_1_6,3,own_task_head,1000,833,0.833,1000,1.0,0,0,0.833,3.0000010952949525,3.000002145767212,1000,3.0,True,symbol_domain_not_oversampled_waveform,w10unit-00a75ebc73ed4d8dc7246fd906457285a778b3341a6d5ef1352d82e85cf4f15b,v8
75,learned_papr_constrained,sr16_papr_secondary,r_1_6,4,own_task_head,1000,829,0.829,1000,1.0,0,0,0.829,3.0000010952949525,3.000002145767212,1000,3.0,True,symbol_domain_not_oversampled_waveform,w10unit-ffc3232f697fec3bce5c57d36bbc26f1d99986182f9be9abce8ad87ebf6ccde4,v8
76,learned_papr_constrained,sr16_papr_secondary,r_1_6,5,own_task_head,1000,837,0.837,1000,1.0,0,0,0.837,3.0000010952949525,3.000002145767212,1000,3.0,True,symbol_domain_not_oversampled_waveform,w10unit-be5d25d36a5ada53672f0da48034fd638d579f3a83a3af4e6c7f7fac839c3aad,v8
77,learned_papr_constrained,sr16_papr_secondary,r_1_6,6,own_task_head,1000,829,0.829,1000,1.0,0,0,0.829,3.0000010952949525,3.000002145767212,1000,3.0,True,symbol_domain_not_oversampled_waveform,w10unit-ef6b5af78f92dde21aedbb52b419fe07ef2d88ea51604c8ef1e22fece9c887b0,v8
78,learned_papr_constrained,sr16_papr_secondary,r_1_6,7,own_task_head,1000,828,0.828,1000,1.0,0,0,0.828,3.0000010952949525,3.000002145767212,1000,3.0,True,symbol_domain_not_oversampled_waveform,w10unit-4fc3985faa4e0599f4d562efa514d24b1f5790568f2afd9eec997a52c011a489,v8
79,learned_papr_constrained,sr16_papr_secondary,r_1_6,9,own_task_head,1000,830,0.83,1000,1.0,0,0,0.83,3.0000010952949525,3.000002145767212,1000,3.0,True,symbol_domain_not_oversampled_waveform,w10unit-ef95f362f25586c21e06d6e5b0829f6ad526ba500456374da9f576771eedd422,v8
80,learned_papr_constrained,sr16_papr_secondary,r_1_6,11,own_task_head,1000,832,0.832,1000,1.0,0,0,0.832,3.0000010952949525,3.000002145767212,1000,3.0,True,symbol_domain_not_oversampled_waveform,w10unit-012b53c0dcf327076ca57e19202e7693fb9bcfe9e84c4afebb13256603e995a8,v8
81,learned_papr_constrained,sr16_papr_secondary,r_1_6,13,own_task_head,1000,833,0.833,1000,1.0,0,0,0.833,3.0000010952949525,3.000002145767212,1000,3.0,True,symbol_domain_not_oversampled_waveform,w10unit-c67ff92b417c1c3fbfe8e5f46e3f9d40ab15c6bd5626a22251753b8b03e672b9,v8
82,learned_papr_constrained,sr16_papr_secondary,r_1_6,15,own_task_head,1000,835,0.835,1000,1.0,0,0,0.835,3.0000010952949525,3.000002145767212,1000,3.0,True,symbol_domain_not_oversampled_waveform,w10unit-d16984cc1906112322f3d4aa82d82054194455def584ba601cfb98cc75e25f71,v8
83,learned_papr_constrained,sr16_papr_secondary,r_1_6,18,own_task_head,1000,832,0.832,1000,1.0,0,0,0.832,3.0000010952949525,3.000002145767212,1000,3.0,True,symbol_domain_not_oversampled_waveform,w10unit-3073667f490ced7b03715373db4eb186df8c8b6540dd363133dd623dc014a44c,v8
84,classical_adaptive,er1_headline_classical,r_1_6,-8,artifact_finetuned,1000,100,0.1,0,0.0,1000,0,,0.0,0.0,1000,,,symbol_domain_not_oversampled_waveform,w10unit-2669e147c2ee274efea1729bf91557f50d6c61f60d9a1ede6e4cbb48e7179004,v8
85,classical_adaptive,er1_headline_classical,r_1_6,-7,artifact_finetuned,1000,100,0.1,0,0.0,1000,0,,0.0,0.0,1000,,,symbol_domain_not_oversampled_waveform,w10unit-275edf85341ad318e6ce1c443d8e2b1e7420cd8c814c2d2abe58bce5b71e48f0,v8
86,classical_adaptive,er1_headline_classical,r_1_6,-6,artifact_finetuned,1000,100,0.1,0,0.0,1000,0,,0.0,0.0,1000,,,symbol_domain_not_oversampled_waveform,w10unit-8b16ddb0029c84212967682ec4b6a39f7be773b7d4e7677e2755fcd2bb6de345,v8
87,classical_adaptive,er1_headline_classical,r_1_6,-5,artifact_finetuned,1000,100,0.1,0,0.0,1000,0,,0.0,0.0,1000,,,symbol_domain_not_oversampled_waveform,w10unit-abe9279cfc52073ccf323502a04c0c17b56e073bb75e70e77a54585314f5cb49,v8
88,classical_adaptive,er1_headline_classical,r_1_6,-4,artifact_finetuned,1000,834,0.834,1000,1.0,0,0,0.834,0.0,0.0,1000,,,symbol_domain_not_oversampled_waveform,w10unit-907e0fb8e23a4f5161f7ca7f0b830f46cdea53cf26308875f4fe7f910cf6dec3,v8
89,classical_adaptive,er1_headline_classical,r_1_6,-3,artifact_finetuned,1000,834,0.834,1000,1.0,0,0,0.834,0.0,0.0,1000,,,symbol_domain_not_oversampled_waveform,w10unit-869f361eaf5a4194ee21094e4114df11d7a389a3808c9a422c238db7d984a5ea,v8
90,classical_adaptive,er1_headline_classical,r_1_6,-2,artifact_finetuned,1000,839,0.839,977,0.977,23,0,0.8556806550665302,0.0,0.0,1000,,,symbol_domain_not_oversampled_waveform,w10unit-d019f56c61ab26e6676fb37896ecdaf3141288d2ab125f334101d6cd6f6bb561,v8
91,classical_adaptive,er1_headline_classical,r_1_6,-1,artifact_finetuned,1000,873,0.873,1000,1.0,0,0,0.873,0.0,0.0,1000,,,symbol_domain_not_oversampled_waveform,w10unit-4198193368c75e4775cd1477790fcbdb9bfa4caa4cd61b3c10ec5bdaf02102ea,v8
92,classical_adaptive,er1_headline_classical,r_1_6,0,artifact_finetuned,1000,873,0.873,1000,1.0,0,0,0.873,0.0,0.0,1000,,,symbol_domain_not_oversampled_waveform,w10unit-c4595aa8b23bfd51212f10cea6b9fc02ca1dde0bdc50abdd4f5d1584b972fbf3,v8
93,classical_adaptive,er1_headline_classical,r_1_6,1,artifact_finetuned,1000,873,0.873,1000,1.0,0,0,0.873,0.0,0.0,1000,,,symbol_domain_not_oversampled_waveform,w10unit-a84683b9c1e95dae60e297b854ced4fbe2e00102d8e23ec265f77f9a6054a56f,v8
94,classical_adaptive,er1_headline_classical,r_1_6,2,artifact_finetuned,1000,878,0.878,1000,1.0,0,0,0.878,0.0,0.0,1000,,,symbol_domain_not_oversampled_waveform,w10unit-8d66e9a90bdc761b65d3e7fc4059307f51b9b503da5fefd6e5ca042c032c9d97,v8
95,classical_adaptive,er1_headline_classical,r_1_6,3,artifact_finetuned,1000,878,0.878,1000,1.0,0,0,0.878,0.0,0.0,1000,,,symbol_domain_not_oversampled_waveform,w10unit-ae6266cd85f4428da196e79564ddd019511117aaa06d1de413f6fa5b7fc82017,v8
96,classical_adaptive,er1_headline_classical,r_1_6,4,artifact_finetuned,1000,878,0.878,1000,1.0,0,0,0.878,0.0,0.0,1000,,,symbol_domain_not_oversampled_waveform,w10unit-079fb85f33d7c6522b2ee1b2c9156dfafb87ad2a09d5fc2b86755c6628ffb7f1,v8
97,classical_adaptive,er1_headline_classical,r_1_6,5,artifact_finetuned,1000,878,0.878,1000,1.0,0,0,0.878,0.0,0.0,1000,,,symbol_domain_not_oversampled_waveform,w10unit-a4c0c0c516a1367c58e58eb7169b33e9e880bf25d99538528647a25441b38572,v8
98,classical_adaptive,er1_headline_classical,r_1_6,6,artifact_finetuned,1000,887,0.887,1000,1.0,0,0,0.887,0.0,0.0,1000,,,symbol_domain_not_oversampled_waveform,w10unit-ee6ba09c0a1bfffbb59a8f706bbab4a2031d9ec9f9545b9d7c9401cfc2a303e3,v8
99,classical_adaptive,er1_headline_classical,r_1_6,7,artifact_finetuned,1000,890,0.89,1000,1.0,0,0,0.89,2.5680378339290617,2.637972354888916,1000,,,symbol_domain_not_oversampled_waveform,w10unit-a86799d11c836da92f7017657b8acd0d2df80df65ff1aab6ac39b225796ecea9,v8
100,classical_adaptive,er1_headline_classical,r_1_6,9,artifact_finetuned,1000,865,0.865,962,0.962,38,0,0.893970893970894,2.613042700767517,3.2742116451263428,1000,,,symbol_domain_not_oversampled_waveform,w10unit-8ab20f295f40a19a3006c0cc1428f10d968e7125216f57842612b5626f804300,v8
101,classical_adaptive,er1_headline_classical,r_1_6,11,artifact_finetuned,1000,893,0.893,1000,1.0,0,0,0.893,2.613042700767517,3.2742116451263428,1000,,,symbol_domain_not_oversampled_waveform,w10unit-198b7f8dab4209366b2b4461290b28825fc26bc86463e9d8159f16ff42d70ae8,v8
102,classical_adaptive,er1_headline_classical,r_1_6,13,artifact_finetuned,1000,893,0.893,1000,1.0,0,0,0.893,2.613042700767517,3.2742116451263428,1000,,,symbol_domain_not_oversampled_waveform,w10unit-1b8d61f7b789741ffd9de3454d86a0ffd64bd099466938baa837e8af23cce501,v8
103,classical_adaptive,er1_headline_classical,r_1_6,15,artifact_finetuned,1000,893,0.893,1000,1.0,0,0,0.893,2.613042700767517,3.2742116451263428,1000,,,symbol_domain_not_oversampled_waveform,w10unit-c30bee7ad90339c088af19d22c660aba30bbefa64500e3eba13f7a0a82f5e2b0,v8
104,classical_adaptive,er1_headline_classical,r_1_6,18,artifact_finetuned,1000,893,0.893,1000,1.0,0,0,0.893,2.613042700767517,3.2742116451263428,1000,,,symbol_domain_not_oversampled_waveform,w10unit-ccbff14f7dfd920581a31ba2d80202b0cf0f5e7363f0d5f06eb020d84400a968,v8
105,classical_adaptive,er11_efficiency_classical,r_1_24,-8,artifact_finetuned,1000,100,0.1,0,0.0,0,1000,,,,0,,,symbol_domain_not_oversampled_waveform,w10unit-d2790ebeb1d6116df43c610c66db41ee48fe7b915a7912dd44c8587ab0f570f9,v8
106,classical_adaptive,er11_efficiency_classical,r_1_24,-7,artifact_finetuned,1000,100,0.1,0,0.0,0,1000,,,,0,,,symbol_domain_not_oversampled_waveform,w10unit-3ca25f013f770b8a6c1ae698476e6d90f1156851246796b6065f99cf83d04e91,v8
107,classical_adaptive,er11_efficiency_classical,r_1_24,-6,artifact_finetuned,1000,100,0.1,0,0.0,0,1000,,,,0,,,symbol_domain_not_oversampled_waveform,w10unit-f0e8f992ba41c4bc7a321c284fbaf1ab4787e0fdc04c358528e8bff7ee890c7f,v8
108,classical_adaptive,er11_efficiency_classical,r_1_24,-5,artifact_finetuned,1000,100,0.1,0,0.0,0,1000,,,,0,,,symbol_domain_not_oversampled_waveform,w10unit-cfa5f3b863da9620740fc509a60c9bfdef51de1bade1a391debfe765fd949763,v8
109,classical_adaptive,er11_efficiency_classical,r_1_24,-4,artifact_finetuned,1000,100,0.1,0,0.0,0,1000,,,,0,,,symbol_domain_not_oversampled_waveform,w10unit-6f1f407023d4eef18ce7b6bc5bcce2f5c0c2472b8a391d77b3426a5b712b0484,v8
110,classical_adaptive,er11_efficiency_classical,r_1_24,-3,artifact_finetuned,1000,100,0.1,0,0.0,0,1000,,,,0,,,symbol_domain_not_oversampled_waveform,w10unit-d84140b49b6c0b21de4eeaa7ddae419e438af47d7aa79c707756d60bc3d4daac,v8
111,classical_adaptive,er11_efficiency_classical,r_1_24,-2,artifact_finetuned,1000,310,0.31,824,0.824,176,0,0.3483009708737864,0.0,0.0,1000,,,symbol_domain_not_oversampled_waveform,w10unit-1d5789f9f42d6ad3b01908023ee9f99e1c9dba5c886b2b3c977223ac76ec9b2c,v8
112,classical_adaptive,er11_efficiency_classical,r_1_24,-1,artifact_finetuned,1000,694,0.694,1000,1.0,0,0,0.694,0.0,0.0,1000,,,symbol_domain_not_oversampled_waveform,w10unit-fe3d5adda40034d045a53131b778f44bb687c7c915eef1fe975841649e44dcf1,v8
113,classical_adaptive,er11_efficiency_classical,r_1_24,0,artifact_finetuned,1000,694,0.694,1000,1.0,0,0,0.694,0.0,0.0,1000,,,symbol_domain_not_oversampled_waveform,w10unit-e61223eceba4263516c7f4cd1a0a3bef3da33e1113d74979516c304ee399d79f,v8
114,classical_adaptive,er11_efficiency_classical,r_1_24,1,artifact_finetuned,1000,758,0.758,915,0.915,85,0,0.8120218579234972,0.0,0.0,1000,,,symbol_domain_not_oversampled_waveform,w10unit-881a31641611e2a9d717964d4bb602508e32bc8848c8ba97898acdcc9a7804e8,v8
115,classical_adaptive,er11_efficiency_classical,r_1_24,2,artifact_finetuned,1000,806,0.806,1000,1.0,0,0,0.806,0.0,0.0,1000,,,symbol_domain_not_oversampled_waveform,w10unit-b29c70ca07d54e60215bb53d9d3a81e4f3a613682f77676736e1721990611fab,v8
116,classical_adaptive,er11_efficiency_classical,r_1_24,3,artifact_finetuned,1000,806,0.806,1000,1.0,0,0,0.806,0.0,0.0,1000,,,symbol_domain_not_oversampled_waveform,w10unit-1dac870bf87c1bfa69ac7e13767971a0581e41df82f86b7cfe152b7ef568d6f8,v8
117,classical_adaptive,er11_efficiency_classical,r_1_24,4,artifact_finetuned,1000,834,0.834,1000,1.0,0,0,0.834,2.565095871210098,2.7007064819335938,1000,,,symbol_domain_not_oversampled_waveform,w10unit-839c4a0942b4c5ae974bc90f281c7b8bcf545a6976b22b7d4991036a7c07b9ef,v8
118,classical_adaptive,er11_efficiency_classical,r_1_24,5,artifact_finetuned,1000,834,0.834,1000,1.0,0,0,0.834,2.565095871210098,2.7007064819335938,1000,,,symbol_domain_not_oversampled_waveform,w10unit-5c7b66a9aa3d51b45c47360e3c0b82e91bd1cc11573b198bb53f6f4978458e83,v8
119,classical_adaptive,er11_efficiency_classical,r_1_24,6,artifact_finetuned,1000,846,0.846,1000,1.0,0,0,0.846,0.0,0.0,1000,,,symbol_domain_not_oversampled_waveform,w10unit-7dfce87f435720a62c4ad7fa4aa22f3be167fd45066ff3fbf2925fbb490a1423,v8
120,classical_adaptive,er11_efficiency_classical,r_1_24,7,artifact_finetuned,1000,858,0.858,1000,1.0,0,0,0.858,2.614493754863739,2.7458760738372803,1000,,,symbol_domain_not_oversampled_waveform,w10unit-3f41147ae47d91206b1b8a05356378b721a95c456042a2b6ed858cd0b8c88594,v8
121,classical_adaptive,er11_efficiency_classical,r_1_24,9,artifact_finetuned,1000,824,0.824,938,0.938,62,0,0.8699360341151386,2.7123448162078856,3.0563864707946777,1000,,,symbol_domain_not_oversampled_waveform,w10unit-65c38385f771809d18f886c3eb447dff7149a8ec35c0fc4a30365db96308a5c2,v8
122,classical_adaptive,er11_efficiency_classical,r_1_24,11,artifact_finetuned,1000,873,0.873,1000,1.0,0,0,0.873,2.7123448162078856,3.0563864707946777,1000,,,symbol_domain_not_oversampled_waveform,w10unit-fb38550acdba6fe1f93e0588056ba3d8ef1660df476de7b72699dd43b48f35d6,v8
123,classical_adaptive,er11_efficiency_classical,r_1_24,13,artifact_finetuned,1000,877,0.877,1000,1.0,0,0,0.877,2.7482430312633515,3.5381431579589844,1000,,,symbol_domain_not_oversampled_waveform,w10unit-78ba4463e36ba0ccd2aa927067e8f8d28d89877ce5c5b74c9de1e7f275a2a37d,v8
124,classical_adaptive,er11_efficiency_classical,r_1_24,15,artifact_finetuned,1000,877,0.877,1000,1.0,0,0,0.877,2.7482430312633515,3.5381431579589844,1000,,,symbol_domain_not_oversampled_waveform,w10unit-092c5aa46eec0d5431682c1a4060804d9ba2ecf9b1ac7a9b7fbd188cedf952c8,v8
125,classical_adaptive,er11_efficiency_classical,r_1_24,18,artifact_finetuned,1000,877,0.877,1000,1.0,0,0,0.877,2.7482430312633515,3.5381431579589844,1000,,,symbol_domain_not_oversampled_waveform,w10unit-ae1b6e86ccef5d60f07a44fd8c8ce0937ca57cc13fe50117b7f0c78c2f12a627,v8
126,classical_fixed_mcs,br16_fixed_mcs,r_1_6,-8,artifact_finetuned,1000,100,0.1,0,0.0,1000,0,,2.5680378339290617,2.637972354888916,1000,,,symbol_domain_not_oversampled_waveform,w10unit-d68d8b58ba43f6d88afba19943ecdd8b99c7b76e9a5d0a5b8e5643cb468d23f5,v9
127,classical_fixed_mcs,br16_fixed_mcs,r_1_6,-7,artifact_finetuned,1000,100,0.1,0,0.0,1000,0,,2.5680378339290617,2.637972354888916,1000,,,symbol_domain_not_oversampled_waveform,w10unit-38320ebaecce1424cf3cc41268fd652da535bee04d5bc502e76250cd2edb647b,v9
128,classical_fixed_mcs,br16_fixed_mcs,r_1_6,-6,artifact_finetuned,1000,100,0.1,0,0.0,1000,0,,2.5680378339290617,2.637972354888916,1000,,,symbol_domain_not_oversampled_waveform,w10unit-17e9056744297b1aa98c5f177d904fcad0955940ea07c67b2a3297168f59e7bb,v9
129,classical_fixed_mcs,br16_fixed_mcs,r_1_6,-5,artifact_finetuned,1000,100,0.1,0,0.0,1000,0,,2.5680378339290617,2.637972354888916,1000,,,symbol_domain_not_oversampled_waveform,w10unit-64537b3137eacd4b15ce023b622ff3daea18e8735e2e5c62fb9ea38684aa9783,v9
130,classical_fixed_mcs,br16_fixed_mcs,r_1_6,-4,artifact_finetuned,1000,100,0.1,0,0.0,1000,0,,2.5680378339290617,2.637972354888916,1000,,,symbol_domain_not_oversampled_waveform,w10unit-a38bf7c41a88e18fbbcdae5df262d5381bd058a417481754f3598b8000e4f777,v9
131,classical_fixed_mcs,br16_fixed_mcs,r_1_6,-3,artifact_finetuned,1000,100,0.1,0,0.0,1000,0,,2.5680378339290617,2.637972354888916,1000,,,symbol_domain_not_oversampled_waveform,w10unit-e48041c3c9d28ac29cfa09052f1cbd2612c53e6fd6c18b110580e2cf0f55ebb5,v9
132,classical_fixed_mcs,br16_fixed_mcs,r_1_6,-2,artifact_finetuned,1000,100,0.1,0,0.0,1000,0,,2.5680378339290617,2.637972354888916,1000,,,symbol_domain_not_oversampled_waveform,w10unit-2de1c7628b87663e35d03bebf228942667f0666c2a06d98750d74e2034730d54,v9
133,classical_fixed_mcs,br16_fixed_mcs,r_1_6,-1,artifact_finetuned,1000,100,0.1,0,0.0,1000,0,,2.5680378339290617,2.637972354888916,1000,,,symbol_domain_not_oversampled_waveform,w10unit-326459e64b91b628f0357adbb894668f5eece9438af6ed6585c28665459450e1,v9
134,classical_fixed_mcs,br16_fixed_mcs,r_1_6,0,artifact_finetuned,1000,100,0.1,0,0.0,1000,0,,2.5680378339290617,2.637972354888916,1000,,,symbol_domain_not_oversampled_waveform,w10unit-856b11912f6a6d8aa799bdaa532c838a81718f05c2c6c5cf4a11c49d92170195,v9
135,classical_fixed_mcs,br16_fixed_mcs,r_1_6,1,artifact_finetuned,1000,100,0.1,0,0.0,1000,0,,2.5680378339290617,2.637972354888916,1000,,,symbol_domain_not_oversampled_waveform,w10unit-7b821fe1e3038fb3b8938bfdb7f4ec6889a7909bb7cce2a066d429b4762a9d00,v9
136,classical_fixed_mcs,br16_fixed_mcs,r_1_6,2,artifact_finetuned,1000,100,0.1,0,0.0,1000,0,,2.5680378339290617,2.637972354888916,1000,,,symbol_domain_not_oversampled_waveform,w10unit-8fa5efd26979cc538d911264fe0d5fa3c95f570d4af44c7fda847604261afe22,v9
137,classical_fixed_mcs,br16_fixed_mcs,r_1_6,3,artifact_finetuned,1000,100,0.1,0,0.0,1000,0,,2.5680378339290617,2.637972354888916,1000,,,symbol_domain_not_oversampled_waveform,w10unit-41af96e6cbaec1d7cec2f65fe05bad7b4bfa7b251e67f56497ce861c623169a2,v9
138,classical_fixed_mcs,br16_fixed_mcs,r_1_6,4,artifact_finetuned,1000,100,0.1,0,0.0,1000,0,,2.5680378339290617,2.637972354888916,1000,,,symbol_domain_not_oversampled_waveform,w10unit-6cae4fc67a122dff101c2ac8dd6575c162977ca881c11bf183785a995b0c8932,v9
139,classical_fixed_mcs,br16_fixed_mcs,r_1_6,5,artifact_finetuned,1000,100,0.1,0,0.0,1000,0,,2.5680378339290617,2.637972354888916,1000,,,symbol_domain_not_oversampled_waveform,w10unit-d992090cc62eeb68c4b9544c06994f93cb1be21a03c9d1bfa044e8c24d812616,v9
140,classical_fixed_mcs,br16_fixed_mcs,r_1_6,6,artifact_finetuned,1000,100,0.1,0,0.0,1000,0,,2.5680378339290617,2.637972354888916,1000,,,symbol_domain_not_oversampled_waveform,w10unit-5accc75004d3b6a32b5bb5a412d6e594260dfe4ba8df052a40ddd7ba17ec4c4f,v9
141,classical_fixed_mcs,br16_fixed_mcs,r_1_6,7,artifact_finetuned,1000,890,0.89,1000,1.0,0,0,0.89,2.5680378339290617,2.637972354888916,1000,,,symbol_domain_not_oversampled_waveform,w10unit-4ef75d02f3acaeb6cacfc550a0f096cff8c42f69ff3c63bacef365297b6e8fb8,v9
142,classical_fixed_mcs,br16_fixed_mcs,r_1_6,9,artifact_finetuned,1000,890,0.89,1000,1.0,0,0,0.89,2.5680378339290617,2.637972354888916,1000,,,symbol_domain_not_oversampled_waveform,w10unit-d93fa643301fa79a0845b226c94a4c500c317d64890b374bec7b6e1c9fd4a593,v9
143,classical_fixed_mcs,br16_fixed_mcs,r_1_6,11,artifact_finetuned,1000,890,0.89,1000,1.0,0,0,0.89,2.5680378339290617,2.637972354888916,1000,,,symbol_domain_not_oversampled_waveform,w10unit-cfb2fde0b17086edf4738980cf399129a77968e6e74326ada5253e37ef17e3c0,v9
144,classical_fixed_mcs,br16_fixed_mcs,r_1_6,13,artifact_finetuned,1000,890,0.89,1000,1.0,0,0,0.89,2.5680378339290617,2.637972354888916,1000,,,symbol_domain_not_oversampled_waveform,w10unit-7545faa719301b8aa600ab0db746a61131f68bfd0370484aada02ce6814b47fc,v9
145,classical_fixed_mcs,br16_fixed_mcs,r_1_6,15,artifact_finetuned,1000,890,0.89,1000,1.0,0,0,0.89,2.5680378339290617,2.637972354888916,1000,,,symbol_domain_not_oversampled_waveform,w10unit-828a97a6d0d11f0eb61290dd438c957b869353bb9b9844836bf018686a28cd30,v9
146,classical_fixed_mcs,br16_fixed_mcs,r_1_6,18,artifact_finetuned,1000,890,0.89,1000,1.0,0,0,0.89,2.5680378339290617,2.637972354888916,1000,,,symbol_domain_not_oversampled_waveform,w10unit-010d2747679c314f520bb7e3cb0e38a7a13a0b0d2bb8a3939c0a92572a9b0a3a,v9
147,classical_fixed_mod,br9_fixed_modulation,r_1_6,-8,artifact_finetuned,1000,100,0.1,0,0.0,1000,0,,0.0,0.0,1000,,,symbol_domain_not_oversampled_waveform,w10unit-07defb2e1c91513c524d06a631fac873cadfcb436a76f96b313a349e4cc08b70,v9
148,classical_fixed_mod,br9_fixed_modulation,r_1_6,-7,artifact_finetuned,1000,100,0.1,0,0.0,1000,0,,0.0,0.0,1000,,,symbol_domain_not_oversampled_waveform,w10unit-09e0d7f672ad365bd5693fbff0e18b774525655931ba1da67036a9e274236761,v9
149,classical_fixed_mod,br9_fixed_modulation,r_1_6,-6,artifact_finetuned,1000,100,0.1,0,0.0,1000,0,,0.0,0.0,1000,,,symbol_domain_not_oversampled_waveform,w10unit-99d942aab17cd8860d8d1b46ae17088c21a67664dc434ee4187dd267ec7ca906,v9
150,classical_fixed_mod,br9_fixed_modulation,r_1_6,-5,artifact_finetuned,1000,100,0.1,0,0.0,1000,0,,0.0,0.0,1000,,,symbol_domain_not_oversampled_waveform,w10unit-f8385b7dbb0593b8facee8f6f45595429e8a89f8a21e1fdb17a636ae843fdd8c,v9
151,classical_fixed_mod,br9_fixed_modulation,r_1_6,-4,artifact_finetuned,1000,100,0.1,0,0.0,1000,0,,0.0,0.0,1000,,,symbol_domain_not_oversampled_waveform,w10unit-8e9f7fd660cbdd07772439ae2893eaeeeab8ab906bceb009f512394c4069cebf,v9
152,classical_fixed_mod,br9_fixed_modulation,r_1_6,-3,artifact_finetuned,1000,100,0.1,0,0.0,1000,0,,0.0,0.0,1000,,,symbol_domain_not_oversampled_waveform,w10unit-5a48e4b51b1ce1ae37b460643e0e00b222103504e319ddc6cc653632f175cb0d,v9
153,classical_fixed_mod,br9_fixed_modulation,r_1_6,-2,artifact_finetuned,1000,100,0.1,0,0.0,1000,0,,0.0,0.0,1000,,,symbol_domain_not_oversampled_waveform,w10unit-6da7ba95d4a1838f09cd0769faf2148b916c75db782b520ec87ca21b89cc87db,v9
154,classical_fixed_mod,br9_fixed_modulation,r_1_6,-1,artifact_finetuned,1000,873,0.873,1000,1.0,0,0,0.873,0.0,0.0,1000,,,symbol_domain_not_oversampled_waveform,w10unit-a617433bcdd6143e82d67971239cb01bcacc504f276f25daecf4961ae280c4f3,v9
155,classical_fixed_mod,br9_fixed_modulation,r_1_6,0,artifact_finetuned,1000,873,0.873,1000,1.0,0,0,0.873,0.0,0.0,1000,,,symbol_domain_not_oversampled_waveform,w10unit-c06ad6434c148db1d6641dbcb3596990064c4488a82c1b2dea89264e0ae3b377,v9
156,classical_fixed_mod,br9_fixed_modulation,r_1_6,1,artifact_finetuned,1000,873,0.873,1000,1.0,0,0,0.873,0.0,0.0,1000,,,symbol_domain_not_oversampled_waveform,w10unit-efd6ee89f54ce6fd95ad1fef01ba413829143cdb6474afc577f4be95b70b6650,v9
157,classical_fixed_mod,br9_fixed_modulation,r_1_6,2,artifact_finetuned,1000,878,0.878,1000,1.0,0,0,0.878,0.0,0.0,1000,,,symbol_domain_not_oversampled_waveform,w10unit-0b921dcf6ef2aa9035c44b1a260f681dca2cf56334710a2967465f7695ae81db,v9
158,classical_fixed_mod,br9_fixed_modulation,r_1_6,3,artifact_finetuned,1000,878,0.878,1000,1.0,0,0,0.878,0.0,0.0,1000,,,symbol_domain_not_oversampled_waveform,w10unit-749e4595c04b20bcfa9f2c0aff5b204ab2e01ae6d9cdd0b787f31c7e80fd20f0,v9
159,classical_fixed_mod,br9_fixed_modulation,r_1_6,4,artifact_finetuned,1000,878,0.878,1000,1.0,0,0,0.878,0.0,0.0,1000,,,symbol_domain_not_oversampled_waveform,w10unit-26ae02d5e409a231be890a3d8d150d560908d8ba4cc81f34327e10bf2b62b22a,v9
160,classical_fixed_mod,br9_fixed_modulation,r_1_6,5,artifact_finetuned,1000,878,0.878,1000,1.0,0,0,0.878,0.0,0.0,1000,,,symbol_domain_not_oversampled_waveform,w10unit-8b9d434523c83e8ef0a11b90da58cee86711172d8019f8167f9f5e048b43c2d7,v9
161,classical_fixed_mod,br9_fixed_modulation,r_1_6,6,artifact_finetuned,1000,887,0.887,1000,1.0,0,0,0.887,0.0,0.0,1000,,,symbol_domain_not_oversampled_waveform,w10unit-32fd7ef27db259eb59fab94249238610b2c706070e449c5466f6d7c1b57c17ba,v9
162,classical_fixed_mod,br9_fixed_modulation,r_1_6,7,artifact_finetuned,1000,887,0.887,1000,1.0,0,0,0.887,0.0,0.0,1000,,,symbol_domain_not_oversampled_waveform,w10unit-79ce44f78eb44556eecc495956c45ed246ff434e242a9b2c4ba6fcdd0479f609,v9
163,classical_fixed_mod,br9_fixed_modulation,r_1_6,9,artifact_finetuned,1000,887,0.887,1000,1.0,0,0,0.887,0.0,0.0,1000,,,symbol_domain_not_oversampled_waveform,w10unit-ce49be43b89a81054571ea5cf5b2046e943c9b5c172373437762876ba681c855,v9
164,classical_fixed_mod,br9_fixed_modulation,r_1_6,11,artifact_finetuned,1000,887,0.887,1000,1.0,0,0,0.887,0.0,0.0,1000,,,symbol_domain_not_oversampled_waveform,w10unit-fb5d1b9df6315d9406431000a2f7b62576122244f46dbbd3730559ef5bbc2974,v9
165,classical_fixed_mod,br9_fixed_modulation,r_1_6,13,artifact_finetuned,1000,887,0.887,1000,1.0,0,0,0.887,0.0,0.0,1000,,,symbol_domain_not_oversampled_waveform,w10unit-09b4d566c24cdeb0da1737fe3043927909cb00a3d021ad2a3162989c1018b4a0,v9
166,classical_fixed_mod,br9_fixed_modulation,r_1_6,15,artifact_finetuned,1000,887,0.887,1000,1.0,0,0,0.887,0.0,0.0,1000,,,symbol_domain_not_oversampled_waveform,w10unit-4301c313647b9d64bf71867ea43ddc92480534f1ad7ec35565ce2ad6c43e55db,v9
167,classical_fixed_mod,br9_fixed_modulation,r_1_6,18,artifact_finetuned,1000,887,0.887,1000,1.0,0,0,0.887,0.0,0.0,1000,,,symbol_domain_not_oversampled_waveform,w10unit-2c9e0fef92e71074b5b0853b0424d6b94f14cb915a6ab13470c4e4abadd61c3f,v9
168,classical_jpeg_secondary,dec9_jpeg_secondary,r_1_6,-8,artifact_finetuned,1000,100,0.1,0,0.0,1000,0,,0.0,0.0,1000,,,symbol_domain_not_oversampled_waveform,w10unit-c95e952235711ce5ef9211e0b399bd807801bde0327b96212ed3afa28759e564,v9
169,classical_jpeg_secondary,dec9_jpeg_secondary,r_1_6,-7,artifact_finetuned,1000,100,0.1,0,0.0,1000,0,,0.0,0.0,1000,,,symbol_domain_not_oversampled_waveform,w10unit-a341997b4586b056ae45a231db8eb6930f60fc40788b0c17e844aadad31331d9,v9
170,classical_jpeg_secondary,dec9_jpeg_secondary,r_1_6,-6,artifact_finetuned,1000,100,0.1,0,0.0,1000,0,,0.0,0.0,1000,,,symbol_domain_not_oversampled_waveform,w10unit-c857816cf0f42d088ed977376a6265acb026b385c88d714896e20a62d2aa5e5a,v9
171,classical_jpeg_secondary,dec9_jpeg_secondary,r_1_6,-5,artifact_finetuned,1000,100,0.1,0,0.0,1000,0,,0.0,0.0,1000,,,symbol_domain_not_oversampled_waveform,w10unit-36dd9c22955117fbd8aa882c2810dea2160d0cf3e794057423abe1350f71fe3d,v9
172,classical_jpeg_secondary,dec9_jpeg_secondary,r_1_6,-4,artifact_finetuned,1000,678,0.678,1000,1.0,0,0,0.678,0.0,0.0,1000,,,symbol_domain_not_oversampled_waveform,w10unit-b93ab21083cc33c7d8ae2f186d9519ca66ef4163caffa89bf22008e59bf694b4,v9
173,classical_jpeg_secondary,dec9_jpeg_secondary,r_1_6,-3,artifact_finetuned,1000,678,0.678,1000,1.0,0,0,0.678,0.0,0.0,1000,,,symbol_domain_not_oversampled_waveform,w10unit-5ac762b8ea221cb7126cd924c46e7d90783b155e933f59b613f54f7b3f6ecc68,v9
174,classical_jpeg_secondary,dec9_jpeg_secondary,r_1_6,-2,artifact_finetuned,1000,767,0.767,978,0.978,22,0,0.7811860940695297,0.0,0.0,1000,,,symbol_domain_not_oversampled_waveform,w10unit-28d67e5fc70e8a2c1a8a9f71c0d5b2252032588bbd22c1584ffbafe3a16a7924,v9
175,classical_jpeg_secondary,dec9_jpeg_secondary,r_1_6,-1,artifact_finetuned,1000,840,0.84,1000,1.0,0,0,0.84,0.0,0.0,1000,,,symbol_domain_not_oversampled_waveform,w10unit-f30315a7e4d78771db83463d0bb39ec0de612acd5615f0439da7b4c5bddecdb0,v9
176,classical_jpeg_secondary,dec9_jpeg_secondary,r_1_6,0,artifact_finetuned,1000,840,0.84,1000,1.0,0,0,0.84,0.0,0.0,1000,,,symbol_domain_not_oversampled_waveform,w10unit-a7db0cb54fc69a91227992044e41f1ee92d0defc0e1805a7bb2f7a7a28d70181,v9
177,classical_jpeg_secondary,dec9_jpeg_secondary,r_1_6,1,artifact_finetuned,1000,840,0.84,1000,1.0,0,0,0.84,0.0,0.0,1000,,,symbol_domain_not_oversampled_waveform,w10unit-a878a9a1dfae8b522ddf84caad1a85be7f0da6ac14395ba60619f7f659f14a0a,v9
178,classical_jpeg_secondary,dec9_jpeg_secondary,r_1_6,2,artifact_finetuned,1000,856,0.856,1000,1.0,0,0,0.856,0.0,0.0,1000,,,symbol_domain_not_oversampled_waveform,w10unit-88b4224a6aeeea809f99bc6b700dcc5199b6b9de0acce2e64d5e562a842e4eac,v9
179,classical_jpeg_secondary,dec9_jpeg_secondary,r_1_6,3,artifact_finetuned,1000,856,0.856,1000,1.0,0,0,0.856,0.0,0.0,1000,,,symbol_domain_not_oversampled_waveform,w10unit-c54602e3bbd26164adf4175789b1cee7b8897a50e22a9aea4303065185fdeaa0,v9
180,classical_jpeg_secondary,dec9_jpeg_secondary,r_1_6,4,artifact_finetuned,1000,872,0.872,1000,1.0,0,0,0.872,0.0,0.0,1000,,,symbol_domain_not_oversampled_waveform,w10unit-5516c24b972e17937af76093f5f2af382c92fb727570f0e5ab940eaaa35a21e8,v9
181,classical_jpeg_secondary,dec9_jpeg_secondary,r_1_6,5,artifact_finetuned,1000,872,0.872,1000,1.0,0,0,0.872,0.0,0.0,1000,,,symbol_domain_not_oversampled_waveform,w10unit-399a8de4cb2966a09a387be8e8c9e4d52bb8e6056edeaa398539104caee9fd3e,v9
182,classical_jpeg_secondary,dec9_jpeg_secondary,r_1_6,6,artifact_finetuned,1000,879,0.879,1000,1.0,0,0,0.879,0.0,0.0,1000,,,symbol_domain_not_oversampled_waveform,w10unit-6ac026c945b2849874d3e363af30e6b5ad684e1755f138fa60673bf9b857bb97,v9
183,classical_jpeg_secondary,dec9_jpeg_secondary,r_1_6,7,artifact_finetuned,1000,879,0.879,1000,1.0,0,0,0.879,0.0,0.0,1000,,,symbol_domain_not_oversampled_waveform,w10unit-d5657f9562891bccd5600f8b02eb5526b7286dbda193e5bffb292d5ca3f9b7f9,v9
184,classical_jpeg_secondary,dec9_jpeg_secondary,r_1_6,9,artifact_finetuned,1000,100,0.1,0,0.0,1000,0,,4.576926069736481,6.967141151428223,1000,,,symbol_domain_not_oversampled_waveform,w10unit-3ed7dd7bfba775d3648b1fb4f9767b963eea04bea76030826d546c81fdc5d11b,v9
185,classical_jpeg_secondary,dec9_jpeg_secondary,r_1_6,11,artifact_finetuned,1000,886,0.886,1000,1.0,0,0,0.886,4.576926069736481,6.967141151428223,1000,,,symbol_domain_not_oversampled_waveform,w10unit-a3545b87c44bb0a175171cab4b533046914eecb019d6dac6a9afea1464e0d8f2,v9
186,classical_jpeg_secondary,dec9_jpeg_secondary,r_1_6,13,artifact_finetuned,1000,886,0.886,1000,1.0,0,0,0.886,4.576926069736481,6.967141151428223,1000,,,symbol_domain_not_oversampled_waveform,w10unit-1a5160e9cb84b51e29b1e7c7253e8b9866c34acb0f34985fcfb3f40c5ba9247f,v9
187,classical_jpeg_secondary,dec9_jpeg_secondary,r_1_6,15,artifact_finetuned,1000,886,0.886,1000,1.0,0,0,0.886,4.576926069736481,6.967141151428223,1000,,,symbol_domain_not_oversampled_waveform,w10unit-5d3547e80781749070b188eb02c4ec722fd21bf2f9dff2f5ae6e190488c0d479,v9
188,classical_jpeg_secondary,dec9_jpeg_secondary,r_1_6,18,artifact_finetuned,1000,886,0.886,1000,1.0,0,0,0.886,4.576926069736481,6.967141151428223,1000,,,symbol_domain_not_oversampled_waveform,w10unit-2273e74a48b5a0e82f32c62e1f01802ca73fefd848b086bd0db342fae6c869de,v9
189,er9_digital,er9_control_h4,r_1_6,-8,own_task_head,1000,100,0.1,0,0.0,1000,0,,0.0,0.0,1000,,,symbol_domain_not_oversampled_waveform,w10unit-64c014325c02508fea7217955aa8abfa5bc6dcf1e29c9d07cd10c0c2c94c5bf5,v9
190,er9_digital,er9_control_h4,r_1_6,-7,own_task_head,1000,100,0.1,0,0.0,1000,0,,0.0,0.0,1000,,,symbol_domain_not_oversampled_waveform,w10unit-ee3e4900f30b508f71f7cc75c8781cc5d9ce0f2c0a454c33ff92495c4952b5c6,v9
191,er9_digital,er9_control_h4,r_1_6,-6,own_task_head,1000,100,0.1,0,0.0,1000,0,,0.0,0.0,1000,,,symbol_domain_not_oversampled_waveform,w10unit-fbb87e036db469cc3d0416d0959fc46d28b49940a708b34f6ca38e664d5b480f,v9
192,er9_digital,er9_control_h4,r_1_6,-5,own_task_head,1000,100,0.1,0,0.0,1000,0,,0.0,0.0,1000,,,symbol_domain_not_oversampled_waveform,w10unit-577f5ab16c88f8923220d9f46747255734016110fddee47520688b9e4c726e73,v9
193,er9_digital,er9_control_h4,r_1_6,-4,own_task_head,1000,820,0.82,1000,1.0,0,0,0.82,0.0,0.0,1000,,,symbol_domain_not_oversampled_waveform,w10unit-506de65a154f0d134ff96c7bafed46178ffe0589139589c287e614fbdbd94f46,v9
194,er9_digital,er9_control_h4,r_1_6,-3,own_task_head,1000,820,0.82,1000,1.0,0,0,0.82,0.0,0.0,1000,,,symbol_domain_not_oversampled_waveform,w10unit-8df34fabc4e168f834155dcf15af8959d09aeb24d7cf5dd55c915ac953e58767,v9
195,er9_digital,er9_control_h4,r_1_6,-2,own_task_head,1000,820,0.82,1000,1.0,0,0,0.82,0.0,0.0,1000,,,symbol_domain_not_oversampled_waveform,w10unit-985052e5f2e66dadfe4fef44b3368b424b052ba1224593c379326556296d06f8,v9
196,er9_digital,er9_control_h4,r_1_6,-1,own_task_head,1000,820,0.82,1000,1.0,0,0,0.82,0.0,0.0,1000,,,symbol_domain_not_oversampled_waveform,w10unit-7ebb946369332a159fd42be28559f4e1de77830781cb84ed5bd897ae03cd677c,v9
197,er9_digital,er9_control_h4,r_1_6,0,own_task_head,1000,820,0.82,1000,1.0,0,0,0.82,0.0,0.0,1000,,,symbol_domain_not_oversampled_waveform,w10unit-208af512505c4695a76ffae3797c1255dfd3e56585000422ac76218cd23c504a,v9
198,er9_digital,er9_control_h4,r_1_6,1,own_task_head,1000,820,0.82,1000,1.0,0,0,0.82,0.0,0.0,1000,,,symbol_domain_not_oversampled_waveform,w10unit-5b33d8ca0293f74abe1d2f1ba12620a440dd32234e56b47e6b96d000dadeb7dc,v9
199,er9_digital,er9_control_h4,r_1_6,2,own_task_head,1000,820,0.82,1000,1.0,0,0,0.82,0.0,0.0,1000,,,symbol_domain_not_oversampled_waveform,w10unit-702e928cf2acb42cb9cd63927267b3786bd814244b6e64b19ca8c55d138ef4e1,v9
200,er9_digital,er9_control_h4,r_1_6,3,own_task_head,1000,820,0.82,1000,1.0,0,0,0.82,0.0,0.0,1000,,,symbol_domain_not_oversampled_waveform,w10unit-dd099ac8ccc565d8e48cefa901edddc6c91a752c14f66d10a568a5519c7ab4d1,v9
201,er9_digital,er9_control_h4,r_1_6,4,own_task_head,1000,820,0.82,1000,1.0,0,0,0.82,0.0,0.0,1000,,,symbol_domain_not_oversampled_waveform,w10unit-e2d83e76737b802bac6412b1a16b365a3693d511feab4e258e6a915390dad228,v9
202,er9_digital,er9_control_h4,r_1_6,5,own_task_head,1000,820,0.82,1000,1.0,0,0,0.82,0.0,0.0,1000,,,symbol_domain_not_oversampled_waveform,w10unit-ecd01f1dbd24da2730343a292dd9e155114515eeb9cb180030663c69cc24c1f0,v9
203,er9_digital,er9_control_h4,r_1_6,6,own_task_head,1000,820,0.82,1000,1.0,0,0,0.82,0.0,0.0,1000,,,symbol_domain_not_oversampled_waveform,w10unit-2ad4cfd3156f7a4c97341bf29101fbf906b5224c6afbeb3758d6aa83629677ac,v9
204,er9_digital,er9_control_h4,r_1_6,7,own_task_head,1000,820,0.82,1000,1.0,0,0,0.82,0.0,0.0,1000,,,symbol_domain_not_oversampled_waveform,w10unit-440c8b6d96a7eb4d2eaf83e15d7ee84b86a5878acd7881b8b123baa13d109afd,v9
205,er9_digital,er9_control_h4,r_1_6,9,own_task_head,1000,820,0.82,1000,1.0,0,0,0.82,0.0,0.0,1000,,,symbol_domain_not_oversampled_waveform,w10unit-230dc9d2e7acf1dd07d7de1eade4743bd335828151e49485b9b54583a5d1257e,v9
206,er9_digital,er9_control_h4,r_1_6,11,own_task_head,1000,820,0.82,1000,1.0,0,0,0.82,0.0,0.0,1000,,,symbol_domain_not_oversampled_waveform,w10unit-16153ac2c330a7f99798638c1d9d3d8fc89b6916c8651fe844ec155ca8b54b08,v9
207,er9_digital,er9_control_h4,r_1_6,13,own_task_head,1000,820,0.82,1000,1.0,0,0,0.82,0.0,0.0,1000,,,symbol_domain_not_oversampled_waveform,w10unit-0bee14b957d43386658b05eb185696d58fcd0cbe64b2e00b5e69e6f02b65191c,v9
208,er9_digital,er9_control_h4,r_1_6,15,own_task_head,1000,820,0.82,1000,1.0,0,0,0.82,0.0,0.0,1000,,,symbol_domain_not_oversampled_waveform,w10unit-5b891ba2adbf5833ed67de2c4118ae9fc5576aad6d973e1bb8c8b78e8b7622da,v9
209,er9_digital,er9_control_h4,r_1_6,18,own_task_head,1000,820,0.82,1000,1.0,0,0,0.82,0.0,0.0,1000,,,symbol_domain_not_oversampled_waveform,w10unit-7458ae12ed1b315acc2770efe2839724e5bd007e6d41fc6f6ef3992c82b6bbd6,v9
210,label_transmission_bound,er12_label_upper_bound,r_1_6,-8,predicted_label,1000,100,0.1,0,0.0,1000,0,,0.0,0.0,1000,,,symbol_domain_not_oversampled_waveform,w10unit-4c9d1f9a3abdda7a3c2834c22bccfc8175b58ede23b6926c0bf5e93abfa33b63,v9
211,label_transmission_bound,er12_label_upper_bound,r_1_6,-7,predicted_label,1000,100,0.1,0,0.0,1000,0,,0.0,0.0,1000,,,symbol_domain_not_oversampled_waveform,w10unit-2c37615d6efe41e5451f5cd4681d899b79d95a60a9fd4538acd79483a094dd2d,v9
212,label_transmission_bound,er12_label_upper_bound,r_1_6,-6,predicted_label,1000,100,0.1,0,0.0,1000,0,,0.0,0.0,1000,,,symbol_domain_not_oversampled_waveform,w10unit-0114f98825b5fe56230fe7d95d723eb32ba27a11f3e5f91fa4f96da0bc3e0688,v9
213,label_transmission_bound,er12_label_upper_bound,r_1_6,-5,predicted_label,1000,100,0.1,0,0.0,1000,0,,0.0,0.0,1000,,,symbol_domain_not_oversampled_waveform,w10unit-c8f6fce4afe5f509137f22222b7bfacedf7800e835e439135c45fe1f1a354670,v9
214,label_transmission_bound,er12_label_upper_bound,r_1_6,-4,predicted_label,1000,820,0.82,1000,1.0,0,0,0.82,0.0,0.0,1000,,,symbol_domain_not_oversampled_waveform,w10unit-22a0791d1828cea733225c316e95db858b96f5da644811f21a2fa43519b0eec7,v9
215,label_transmission_bound,er12_label_upper_bound,r_1_6,-3,predicted_label,1000,820,0.82,1000,1.0,0,0,0.82,0.0,0.0,1000,,,symbol_domain_not_oversampled_waveform,w10unit-d612ab95e4b64a84091691f2c50796083f5aadb5157c4b580bd1517bbc13f8cd,v9
216,label_transmission_bound,er12_label_upper_bound,r_1_6,-2,predicted_label,1000,820,0.82,1000,1.0,0,0,0.82,0.0,0.0,1000,,,symbol_domain_not_oversampled_waveform,w10unit-e3300bf57506a2a1574a483622ea09a584cbbecb7094597b530d54c5d19d7d93,v9
217,label_transmission_bound,er12_label_upper_bound,r_1_6,-1,predicted_label,1000,820,0.82,1000,1.0,0,0,0.82,0.0,0.0,1000,,,symbol_domain_not_oversampled_waveform,w10unit-c8b47e5fc03c1cc72498296bce28612c111ad29fd92393b776562986f3da8fb6,v9
218,label_transmission_bound,er12_label_upper_bound,r_1_6,0,predicted_label,1000,820,0.82,1000,1.0,0,0,0.82,0.0,0.0,1000,,,symbol_domain_not_oversampled_waveform,w10unit-0aa29d8c2196913a5087b212165cc64d04f86c8558f53cc1ddbedc52b416d07d,v9
219,label_transmission_bound,er12_label_upper_bound,r_1_6,1,predicted_label,1000,820,0.82,1000,1.0,0,0,0.82,0.0,0.0,1000,,,symbol_domain_not_oversampled_waveform,w10unit-b1ed5f93d3e0addae0020c82ff8f2c8aeea5bca244f5183b559690867efba3d3,v9
220,label_transmission_bound,er12_label_upper_bound,r_1_6,2,predicted_label,1000,820,0.82,1000,1.0,0,0,0.82,0.0,0.0,1000,,,symbol_domain_not_oversampled_waveform,w10unit-3f63e2cdcb2f575c8aa9e55881796ecad1e59315225e3f6e5fc65e12b9a83e6a,v9
221,label_transmission_bound,er12_label_upper_bound,r_1_6,3,predicted_label,1000,820,0.82,1000,1.0,0,0,0.82,0.0,0.0,1000,,,symbol_domain_not_oversampled_waveform,w10unit-a2041646821f4f2eb4ea69c42ee6358e0f3a86a19b25143b7f2ae79b9e0e21dd,v9
222,label_transmission_bound,er12_label_upper_bound,r_1_6,4,predicted_label,1000,820,0.82,1000,1.0,0,0,0.82,0.0,0.0,1000,,,symbol_domain_not_oversampled_waveform,w10unit-fe5567b29787afb00309621fd14dd0117cac28f65b7e3cd574a0d772958f39d2,v9
223,label_transmission_bound,er12_label_upper_bound,r_1_6,5,predicted_label,1000,820,0.82,1000,1.0,0,0,0.82,0.0,0.0,1000,,,symbol_domain_not_oversampled_waveform,w10unit-891fe17a81b1ff993e4c6999a2f23a571313c293d05a4e03455854dbb66e662c,v9
224,label_transmission_bound,er12_label_upper_bound,r_1_6,6,predicted_label,1000,820,0.82,1000,1.0,0,0,0.82,0.0,0.0,1000,,,symbol_domain_not_oversampled_waveform,w10unit-d50a35490f2a83aa150cc79935f9d3baa2759994826699c2bfe80d306891f973,v9
225,label_transmission_bound,er12_label_upper_bound,r_1_6,7,predicted_label,1000,820,0.82,1000,1.0,0,0,0.82,0.0,0.0,1000,,,symbol_domain_not_oversampled_waveform,w10unit-28a1ad025e1e90b41c92826a8207181d81a93f88a3a4e9a2e5ae240bdfcebc92,v9
226,label_transmission_bound,er12_label_upper_bound,r_1_6,9,predicted_label,1000,820,0.82,1000,1.0,0,0,0.82,0.0,0.0,1000,,,symbol_domain_not_oversampled_waveform,w10unit-fc7168b6b68d02fd7d6580a5a1cd6788a95387bccad7febd45f18f18f5004f5e,v9
227,label_transmission_bound,er12_label_upper_bound,r_1_6,11,predicted_label,1000,820,0.82,1000,1.0,0,0,0.82,0.0,0.0,1000,,,symbol_domain_not_oversampled_waveform,w10unit-509415b17625ef1d00afb0828f70e96177829b38d5bb4e01ef088bd629a55c6b,v9
228,label_transmission_bound,er12_label_upper_bound,r_1_6,13,predicted_label,1000,820,0.82,1000,1.0,0,0,0.82,0.0,0.0,1000,,,symbol_domain_not_oversampled_waveform,w10unit-a608a4c8d10c0562fc9263223588ec6dc9ffec7acde3f6d48c05072b567b5c1d,v9
229,label_transmission_bound,er12_label_upper_bound,r_1_6,15,predicted_label,1000,820,0.82,1000,1.0,0,0,0.82,0.0,0.0,1000,,,symbol_domain_not_oversampled_waveform,w10unit-6c9b273d80a2eb5f5321c6cb041921da03f30c1a140d6822ddf5c94280f228bd,v9
230,label_transmission_bound,er12_label_upper_bound,r_1_6,18,predicted_label,1000,820,0.82,1000,1.0,0,0,0.82,0.0,0.0,1000,,,symbol_domain_not_oversampled_waveform,w10unit-d515e654c292edd7733f246b76016d026d8aaa95e6c608a36412fa4b24c8fdf3,v9
231,semantic_recon_ablation,er4_reconstruction_ablation,r_1_6,-8,clean,1000,447,0.447,1000,1.0,0,0,0.447,13.218187811851502,20.059284210205078,1000,,,symbol_domain_not_oversampled_waveform,w10unit-78ab5d81bb7dbbb8812160f49f303c8dd4888161c4b90d0b86273df91d69b062,v11
232,semantic_recon_ablation,er4_reconstruction_ablation,r_1_6,-7,clean,1000,489,0.489,1000,1.0,0,0,0.489,13.218187811851502,20.059284210205078,1000,,,symbol_domain_not_oversampled_waveform,w10unit-2e50f7f85515cc841b9f8b3df70cb2c8f21ce03cc090ad43b98f7b736d13aac4,v11
233,semantic_recon_ablation,er4_reconstruction_ablation,r_1_6,-6,clean,1000,545,0.545,1000,1.0,0,0,0.545,13.218187811851502,20.059284210205078,1000,,,symbol_domain_not_oversampled_waveform,w10unit-aa7685f17303fe9d5493239aecaa2316691a2642b717946ff396bb11a3187995,v11
234,semantic_recon_ablation,er4_reconstruction_ablation,r_1_6,-5,clean,1000,557,0.557,1000,1.0,0,0,0.557,13.218187811851502,20.059284210205078,1000,,,symbol_domain_not_oversampled_waveform,w10unit-dde41778a689b4359dbabdceb8ac76172863fe306f787ee8c255a97f20837db2,v11
235,semantic_recon_ablation,er4_reconstruction_ablation,r_1_6,-4,clean,1000,611,0.611,1000,1.0,0,0,0.611,13.218187811851502,20.059284210205078,1000,,,symbol_domain_not_oversampled_waveform,w10unit-b5c0177c7210a156ddc39bca75e4d7e0051e53738c6e6bfa0a1412cd41c34795,v11
236,semantic_recon_ablation,er4_reconstruction_ablation,r_1_6,-3,clean,1000,618,0.618,1000,1.0,0,0,0.618,13.218187811851502,20.059284210205078,1000,,,symbol_domain_not_oversampled_waveform,w10unit-1a1cc27d9e54f55db457e09072d52935167a221a3157110da3574c7fb2579934,v11
237,semantic_recon_ablation,er4_reconstruction_ablation,r_1_6,-2,clean,1000,639,0.639,1000,1.0,0,0,0.639,13.218187811851502,20.059284210205078,1000,,,symbol_domain_not_oversampled_waveform,w10unit-5dad11aba048a8f883244791a807a06c67a5d473bfe31e4618212afd9cfbce37,v11
238,semantic_recon_ablation,er4_reconstruction_ablation,r_1_6,-1,clean,1000,658,0.658,1000,1.0,0,0,0.658,13.218187811851502,20.059284210205078,1000,,,symbol_domain_not_oversampled_waveform,w10unit-f8116df42cb29efd2062afd4d239a7ff548df5499497d0650991f202162a22ae,v11
239,semantic_recon_ablation,er4_reconstruction_ablation,r_1_6,0,clean,1000,690,0.69,1000,1.0,0,0,0.69,13.218187811851502,20.059284210205078,1000,,,symbol_domain_not_oversampled_waveform,w10unit-0dc0c1f0f8d6bd7a4d5ad2d63823c086e3879a12d980236d6555cf0c6b8d30a0,v11
240,semantic_recon_ablation,er4_reconstruction_ablation,r_1_6,1,clean,1000,705,0.705,1000,1.0,0,0,0.705,13.218187811851502,20.059284210205078,1000,,,symbol_domain_not_oversampled_waveform,w10unit-b76a2453687d605b1786cbf9cf678555a61a7e01b3d72b129e35e715795c4f88,v11
241,semantic_recon_ablation,er4_reconstruction_ablation,r_1_6,2,clean,1000,735,0.735,1000,1.0,0,0,0.735,13.218187811851502,20.059284210205078,1000,,,symbol_domain_not_oversampled_waveform,w10unit-9773714f0158e798cb874fc0b6279066bfbd5f6d7bab01928680f95856fed916,v11
242,semantic_recon_ablation,er4_reconstruction_ablation,r_1_6,3,clean,1000,742,0.742,1000,1.0,0,0,0.742,13.218187811851502,20.059284210205078,1000,,,symbol_domain_not_oversampled_waveform,w10unit-1793bfbd63f11a5d71f71c69f2bfd2561f2a975c1d6e2eb343650932d5363114,v11
243,semantic_recon_ablation,er4_reconstruction_ablation,r_1_6,4,clean,1000,741,0.741,1000,1.0,0,0,0.741,13.218187811851502,20.059284210205078,1000,,,symbol_domain_not_oversampled_waveform,w10unit-0589822cc8cf55602eef5c624891031bde165341b46d23f02d67cf9ffbe8c184,v11
244,semantic_recon_ablation,er4_reconstruction_ablation,r_1_6,5,clean,1000,759,0.759,1000,1.0,0,0,0.759,13.218187811851502,20.059284210205078,1000,,,symbol_domain_not_oversampled_waveform,w10unit-2727926702fdf8aec1613db0f512d674941c6c865b65b4ee6d94682485976794,v11
245,semantic_recon_ablation,er4_reconstruction_ablation,r_1_6,6,clean,1000,761,0.761,1000,1.0,0,0,0.761,13.218187811851502,20.059284210205078,1000,,,symbol_domain_not_oversampled_waveform,w10unit-6a619fff20265d73c1b0af3c65b2a06ebf686df55ac97397f3a562cf0b152b2a,v11
246,semantic_recon_ablation,er4_reconstruction_ablation,r_1_6,7,clean,1000,761,0.761,1000,1.0,0,0,0.761,13.218187811851502,20.059284210205078,1000,,,symbol_domain_not_oversampled_waveform,w10unit-6084c59120c3c3fa79221456f0b74850a652ea0619f1a18d1c489e1abeb154c0,v11
247,semantic_recon_ablation,er4_reconstruction_ablation,r_1_6,9,clean,1000,775,0.775,1000,1.0,0,0,0.775,13.218187811851502,20.059284210205078,1000,,,symbol_domain_not_oversampled_waveform,w10unit-f0ba551418f099b46650af7ba8231a6cc52f700d48b78568fcdf7952da5afb3f,v11
248,semantic_recon_ablation,er4_reconstruction_ablation,r_1_6,11,clean,1000,770,0.77,1000,1.0,0,0,0.77,13.218187811851502,20.059284210205078,1000,,,symbol_domain_not_oversampled_waveform,w10unit-64b6a3e3046da158bd460d2cebb8a7548d2fe603f5f072a609e0dae375098eae,v11
249,semantic_recon_ablation,er4_reconstruction_ablation,r_1_6,13,clean,1000,771,0.771,1000,1.0,0,0,0.771,13.218187811851502,20.059284210205078,1000,,,symbol_domain_not_oversampled_waveform,w10unit-99eb717763af3a6721fd192b5872c533a9f7c71dd87134c07ffe82691b9e2b7d,v11
250,semantic_recon_ablation,er4_reconstruction_ablation,r_1_6,15,clean,1000,768,0.768,1000,1.0,0,0,0.768,13.218187811851502,20.059284210205078,1000,,,symbol_domain_not_oversampled_waveform,w10unit-7bf2db038cbee70f976f29cb4bea33a735c6881d5169f5361891ddccbcea17be,v11
251,semantic_recon_ablation,er4_reconstruction_ablation,r_1_6,18,clean,1000,768,0.768,1000,1.0,0,0,0.768,13.218187811851502,20.059284210205078,1000,,,symbol_domain_not_oversampled_waveform,w10unit-a1adade8a8045f3433fb92cc4476901a6ce512d07500043257873494feddf8a7,v11
