estimand,hypothesis,systems,bw_ratio,snr_region,window,seed_aggregation,estimate,ci_low,ci_high,p_value,calibration_statistic,support_decision,source_run_ids,per_image_artifact_sha256,analysis_commit,analysis_config_hash
seed_conditional_mean_paired_difference,H1,learned-classical_adaptive,r_1_6,<= 7 dB,,mean_over_cells_within_image_before_bootstrap,0.1454936305732484,0.1367515923566879,0.15409766454352442,0.030296970302969704,R_obs=4,True,,dad80afc7a7a4694f0ccbafcc4eaf289063ed435f5d2cc21e0dc4ddb3bba4f94,2421fd9957a6fb0f3a7ab8bd0d5980e5a7631097,0cb500227a20b0d1fe75ed5f67822a1815d01d2d7e1239840ca2cb669d416bb2
seed_conditional_mean_paired_difference,H1-point,learned-classical_adaptive,r_1_6,-8.0 dB,,mean_over_cells_within_image_before_bootstrap,0.6628450106157112,0.6481528662420382,0.6775371549893842,,,,,dad80afc7a7a4694f0ccbafcc4eaf289063ed435f5d2cc21e0dc4ddb3bba4f94,2421fd9957a6fb0f3a7ab8bd0d5980e5a7631097,0cb500227a20b0d1fe75ed5f67822a1815d01d2d7e1239840ca2cb669d416bb2
seed_conditional_mean_paired_difference,H1-point,learned-classical_adaptive,r_1_6,-7.0 dB,,mean_over_cells_within_image_before_bootstrap,0.676348195329087,0.661656050955414,0.6908726114649681,,,,,dad80afc7a7a4694f0ccbafcc4eaf289063ed435f5d2cc21e0dc4ddb3bba4f94,2421fd9957a6fb0f3a7ab8bd0d5980e5a7631097,0cb500227a20b0d1fe75ed5f67822a1815d01d2d7e1239840ca2cb669d416bb2
seed_conditional_mean_paired_difference,H1-point,learned-classical_adaptive,r_1_6,-6.0 dB,,mean_over_cells_within_image_before_bootstrap,0.6922292993630573,0.6778768577494692,0.7067515923566878,,,,,dad80afc7a7a4694f0ccbafcc4eaf289063ed435f5d2cc21e0dc4ddb3bba4f94,2421fd9957a6fb0f3a7ab8bd0d5980e5a7631097,0cb500227a20b0d1fe75ed5f67822a1815d01d2d7e1239840ca2cb669d416bb2
seed_conditional_mean_paired_difference,H1-point,learned-classical_adaptive,r_1_6,-5.0 dB,,mean_over_cells_within_image_before_bootstrap,0.7018259023354564,0.6875583864118897,0.7158407643312102,,,,,dad80afc7a7a4694f0ccbafcc4eaf289063ed435f5d2cc21e0dc4ddb3bba4f94,2421fd9957a6fb0f3a7ab8bd0d5980e5a7631097,0cb500227a20b0d1fe75ed5f67822a1815d01d2d7e1239840ca2cb669d416bb2
seed_conditional_mean_paired_difference,H1-point,learned-classical_adaptive,r_1_6,-4.0 dB,,mean_over_cells_within_image_before_bootstrap,-0.008662420382165604,-0.01987261146496815,0.0025477707006369434,,,,,dad80afc7a7a4694f0ccbafcc4eaf289063ed435f5d2cc21e0dc4ddb3bba4f94,2421fd9957a6fb0f3a7ab8bd0d5980e5a7631097,0cb500227a20b0d1fe75ed5f67822a1815d01d2d7e1239840ca2cb669d416bb2
seed_conditional_mean_paired_difference,H1-point,learned-classical_adaptive,r_1_6,-3.0 dB,,mean_over_cells_within_image_before_bootstrap,-0.007388535031847131,-0.018685774946921432,0.0037388535031846856,,,,,dad80afc7a7a4694f0ccbafcc4eaf289063ed435f5d2cc21e0dc4ddb3bba4f94,2421fd9957a6fb0f3a7ab8bd0d5980e5a7631097,0cb500227a20b0d1fe75ed5f67822a1815d01d2d7e1239840ca2cb669d416bb2
seed_conditional_mean_paired_difference,H1-point,learned-classical_adaptive,r_1_6,-2.0 dB,,mean_over_cells_within_image_before_bootstrap,-0.01800424628450106,-0.028535031847133758,-0.007303609341825901,,,,,dad80afc7a7a4694f0ccbafcc4eaf289063ed435f5d2cc21e0dc4ddb3bba4f94,2421fd9957a6fb0f3a7ab8bd0d5980e5a7631097,0cb500227a20b0d1fe75ed5f67822a1815d01d2d7e1239840ca2cb669d416bb2
seed_conditional_mean_paired_difference,H1-point,learned-classical_adaptive,r_1_6,-1.0 dB,,mean_over_cells_within_image_before_bootstrap,-0.04169851380042462,-0.052144373673036086,-0.031252653927813165,,,,,dad80afc7a7a4694f0ccbafcc4eaf289063ed435f5d2cc21e0dc4ddb3bba4f94,2421fd9957a6fb0f3a7ab8bd0d5980e5a7631097,0cb500227a20b0d1fe75ed5f67822a1815d01d2d7e1239840ca2cb669d416bb2
seed_conditional_mean_paired_difference,H1-point,learned-classical_adaptive,r_1_6,0.0 dB,,mean_over_cells_within_image_before_bootstrap,-0.04331210191082802,-0.05376008492569002,-0.03303397027600852,,,,,dad80afc7a7a4694f0ccbafcc4eaf289063ed435f5d2cc21e0dc4ddb3bba4f94,2421fd9957a6fb0f3a7ab8bd0d5980e5a7631097,0cb500227a20b0d1fe75ed5f67822a1815d01d2d7e1239840ca2cb669d416bb2
seed_conditional_mean_paired_difference,H1-point,learned-classical_adaptive,r_1_6,1.0 dB,,mean_over_cells_within_image_before_bootstrap,-0.041104033970276004,-0.05146496815286623,-0.030828025477707004,,,,,dad80afc7a7a4694f0ccbafcc4eaf289063ed435f5d2cc21e0dc4ddb3bba4f94,2421fd9957a6fb0f3a7ab8bd0d5980e5a7631097,0cb500227a20b0d1fe75ed5f67822a1815d01d2d7e1239840ca2cb669d416bb2
seed_conditional_mean_paired_difference,H1-point,learned-classical_adaptive,r_1_6,2.0 dB,,mean_over_cells_within_image_before_bootstrap,-0.04195329087048832,-0.05214437367303609,-0.03167728237791933,,,,,dad80afc7a7a4694f0ccbafcc4eaf289063ed435f5d2cc21e0dc4ddb3bba4f94,2421fd9957a6fb0f3a7ab8bd0d5980e5a7631097,0cb500227a20b0d1fe75ed5f67822a1815d01d2d7e1239840ca2cb669d416bb2
seed_conditional_mean_paired_difference,H1-point,learned-classical_adaptive,r_1_6,3.0 dB,,mean_over_cells_within_image_before_bootstrap,-0.04008492569002123,-0.05027600849256899,-0.029639065817409768,,,,,dad80afc7a7a4694f0ccbafcc4eaf289063ed435f5d2cc21e0dc4ddb3bba4f94,2421fd9957a6fb0f3a7ab8bd0d5980e5a7631097,0cb500227a20b0d1fe75ed5f67822a1815d01d2d7e1239840ca2cb669d416bb2
seed_conditional_mean_paired_difference,H1-point,learned-classical_adaptive,r_1_6,4.0 dB,,mean_over_cells_within_image_before_bootstrap,-0.04016985138004246,-0.050191082802547776,-0.03006369426751592,,,,,dad80afc7a7a4694f0ccbafcc4eaf289063ed435f5d2cc21e0dc4ddb3bba4f94,2421fd9957a6fb0f3a7ab8bd0d5980e5a7631097,0cb500227a20b0d1fe75ed5f67822a1815d01d2d7e1239840ca2cb669d416bb2
seed_conditional_mean_paired_difference,H1-point,learned-classical_adaptive,r_1_6,5.0 dB,,mean_over_cells_within_image_before_bootstrap,-0.03796178343949044,-0.04806794055201698,-0.027853503184713403,,,,,dad80afc7a7a4694f0ccbafcc4eaf289063ed435f5d2cc21e0dc4ddb3bba4f94,2421fd9957a6fb0f3a7ab8bd0d5980e5a7631097,0cb500227a20b0d1fe75ed5f67822a1815d01d2d7e1239840ca2cb669d416bb2
seed_conditional_mean_paired_difference,H1-point,learned-classical_adaptive,r_1_6,6.0 dB,,mean_over_cells_within_image_before_bootstrap,-0.0429723991507431,-0.05299363057324839,-0.032866242038216566,,,,,dad80afc7a7a4694f0ccbafcc4eaf289063ed435f5d2cc21e0dc4ddb3bba4f94,2421fd9957a6fb0f3a7ab8bd0d5980e5a7631097,0cb500227a20b0d1fe75ed5f67822a1815d01d2d7e1239840ca2cb669d416bb2
seed_conditional_mean_paired_difference,H1-point,learned-classical_adaptive,r_1_6,7.0 dB,,mean_over_cells_within_image_before_bootstrap,-0.04203821656050955,-0.052059447983014866,-0.031845010615711274,,,,,dad80afc7a7a4694f0ccbafcc4eaf289063ed435f5d2cc21e0dc4ddb3bba4f94,2421fd9957a6fb0f3a7ab8bd0d5980e5a7631097,0cb500227a20b0d1fe75ed5f67822a1815d01d2d7e1239840ca2cb669d416bb2
seed_conditional_mean_paired_difference,H1-point,learned-classical_adaptive,r_1_6,9.0 dB,,mean_over_cells_within_image_before_bootstrap,-0.02029723991507431,-0.03074309978768577,-0.009934182590233574,,,,,dad80afc7a7a4694f0ccbafcc4eaf289063ed435f5d2cc21e0dc4ddb3bba4f94,2421fd9957a6fb0f3a7ab8bd0d5980e5a7631097,0cb500227a20b0d1fe75ed5f67822a1815d01d2d7e1239840ca2cb669d416bb2
seed_conditional_mean_paired_difference,H1-point,learned-classical_adaptive,r_1_6,11.0 dB,,mean_over_cells_within_image_before_bootstrap,-0.042377919320594475,-0.052399150743099795,-0.03227176220806795,,,,,dad80afc7a7a4694f0ccbafcc4eaf289063ed435f5d2cc21e0dc4ddb3bba4f94,2421fd9957a6fb0f3a7ab8bd0d5980e5a7631097,0cb500227a20b0d1fe75ed5f67822a1815d01d2d7e1239840ca2cb669d416bb2
seed_conditional_mean_paired_difference,H1-point,learned-classical_adaptive,r_1_6,13.0 dB,,mean_over_cells_within_image_before_bootstrap,-0.04212314225053078,-0.052061571125265375,-0.032016985138004245,,,,,dad80afc7a7a4694f0ccbafcc4eaf289063ed435f5d2cc21e0dc4ddb3bba4f94,2421fd9957a6fb0f3a7ab8bd0d5980e5a7631097,0cb500227a20b0d1fe75ed5f67822a1815d01d2d7e1239840ca2cb669d416bb2
seed_conditional_mean_paired_difference,H1-point,learned-classical_adaptive,r_1_6,15.0 dB,,mean_over_cells_within_image_before_bootstrap,-0.04169851380042463,-0.051889596602972404,-0.031422505307855626,,,,,dad80afc7a7a4694f0ccbafcc4eaf289063ed435f5d2cc21e0dc4ddb3bba4f94,2421fd9957a6fb0f3a7ab8bd0d5980e5a7631097,0cb500227a20b0d1fe75ed5f67822a1815d01d2d7e1239840ca2cb669d416bb2
seed_conditional_mean_paired_difference,H1-point,learned-classical_adaptive,r_1_6,18.0 dB,,mean_over_cells_within_image_before_bootstrap,-0.041613588110403395,-0.05171974522292993,-0.031592356687898095,,,,,dad80afc7a7a4694f0ccbafcc4eaf289063ed435f5d2cc21e0dc4ddb3bba4f94,2421fd9957a6fb0f3a7ab8bd0d5980e5a7631097,0cb500227a20b0d1fe75ed5f67822a1815d01d2d7e1239840ca2cb669d416bb2
seed_conditional_mean_paired_difference,H4,learned-er9_digital,r_1_6,<= 7 dB,,mean_over_cells_within_image_before_bootstrap,0.1759023354564756,0.1699150743099788,0.18208067940552017,0.009599040095990401,R_obs=7,True,,dad80afc7a7a4694f0ccbafcc4eaf289063ed435f5d2cc21e0dc4ddb3bba4f94,2421fd9957a6fb0f3a7ab8bd0d5980e5a7631097,0cb500227a20b0d1fe75ed5f67822a1815d01d2d7e1239840ca2cb669d416bb2
seed_conditional_mean_paired_difference,H4-point,learned-er9_digital,r_1_6,-8.0 dB,,mean_over_cells_within_image_before_bootstrap,0.6628450106157112,0.6481528662420382,0.6775371549893842,,,,,dad80afc7a7a4694f0ccbafcc4eaf289063ed435f5d2cc21e0dc4ddb3bba4f94,2421fd9957a6fb0f3a7ab8bd0d5980e5a7631097,0cb500227a20b0d1fe75ed5f67822a1815d01d2d7e1239840ca2cb669d416bb2
seed_conditional_mean_paired_difference,H4-point,learned-er9_digital,r_1_6,-7.0 dB,,mean_over_cells_within_image_before_bootstrap,0.676348195329087,0.661656050955414,0.6908726114649681,,,,,dad80afc7a7a4694f0ccbafcc4eaf289063ed435f5d2cc21e0dc4ddb3bba4f94,2421fd9957a6fb0f3a7ab8bd0d5980e5a7631097,0cb500227a20b0d1fe75ed5f67822a1815d01d2d7e1239840ca2cb669d416bb2
seed_conditional_mean_paired_difference,H4-point,learned-er9_digital,r_1_6,-6.0 dB,,mean_over_cells_within_image_before_bootstrap,0.6922292993630573,0.6778768577494692,0.7067515923566878,,,,,dad80afc7a7a4694f0ccbafcc4eaf289063ed435f5d2cc21e0dc4ddb3bba4f94,2421fd9957a6fb0f3a7ab8bd0d5980e5a7631097,0cb500227a20b0d1fe75ed5f67822a1815d01d2d7e1239840ca2cb669d416bb2
seed_conditional_mean_paired_difference,H4-point,learned-er9_digital,r_1_6,-5.0 dB,,mean_over_cells_within_image_before_bootstrap,0.7018259023354564,0.6875583864118897,0.7158407643312102,,,,,dad80afc7a7a4694f0ccbafcc4eaf289063ed435f5d2cc21e0dc4ddb3bba4f94,2421fd9957a6fb0f3a7ab8bd0d5980e5a7631097,0cb500227a20b0d1fe75ed5f67822a1815d01d2d7e1239840ca2cb669d416bb2
seed_conditional_mean_paired_difference,H4-point,learned-er9_digital,r_1_6,-4.0 dB,,mean_over_cells_within_image_before_bootstrap,-0.0033970276008492557,-0.010106157112526538,0.003566878980891718,,,,,dad80afc7a7a4694f0ccbafcc4eaf289063ed435f5d2cc21e0dc4ddb3bba4f94,2421fd9957a6fb0f3a7ab8bd0d5980e5a7631097,0cb500227a20b0d1fe75ed5f67822a1815d01d2d7e1239840ca2cb669d416bb2
seed_conditional_mean_paired_difference,H4-point,learned-er9_digital,r_1_6,-3.0 dB,,mean_over_cells_within_image_before_bootstrap,-0.002123142250530785,-0.008662420382165605,0.0045010615711252675,,,,,dad80afc7a7a4694f0ccbafcc4eaf289063ed435f5d2cc21e0dc4ddb3bba4f94,2421fd9957a6fb0f3a7ab8bd0d5980e5a7631097,0cb500227a20b0d1fe75ed5f67822a1815d01d2d7e1239840ca2cb669d416bb2
seed_conditional_mean_paired_difference,H4-point,learned-er9_digital,r_1_6,-2.0 dB,,mean_over_cells_within_image_before_bootstrap,0.002887473460721869,-0.003566878980891719,0.009428874734607191,,,,,dad80afc7a7a4694f0ccbafcc4eaf289063ed435f5d2cc21e0dc4ddb3bba4f94,2421fd9957a6fb0f3a7ab8bd0d5980e5a7631097,0cb500227a20b0d1fe75ed5f67822a1815d01d2d7e1239840ca2cb669d416bb2
seed_conditional_mean_paired_difference,H4-point,learned-er9_digital,r_1_6,-1.0 dB,,mean_over_cells_within_image_before_bootstrap,0.006199575371549894,-0.0001698513800424618,0.01282377919320594,,,,,dad80afc7a7a4694f0ccbafcc4eaf289063ed435f5d2cc21e0dc4ddb3bba4f94,2421fd9957a6fb0f3a7ab8bd0d5980e5a7631097,0cb500227a20b0d1fe75ed5f67822a1815d01d2d7e1239840ca2cb669d416bb2
seed_conditional_mean_paired_difference,H4-point,learned-er9_digital,r_1_6,0.0 dB,,mean_over_cells_within_image_before_bootstrap,0.004755838641188959,-0.0017834394904458583,0.011380042462845012,,,,,dad80afc7a7a4694f0ccbafcc4eaf289063ed435f5d2cc21e0dc4ddb3bba4f94,2421fd9957a6fb0f3a7ab8bd0d5980e5a7631097,0cb500227a20b0d1fe75ed5f67822a1815d01d2d7e1239840ca2cb669d416bb2
seed_conditional_mean_paired_difference,H4-point,learned-er9_digital,r_1_6,1.0 dB,,mean_over_cells_within_image_before_bootstrap,0.006963906581740977,0.0006794055201698508,0.013588110403397026,,,,,dad80afc7a7a4694f0ccbafcc4eaf289063ed435f5d2cc21e0dc4ddb3bba4f94,2421fd9957a6fb0f3a7ab8bd0d5980e5a7631097,0cb500227a20b0d1fe75ed5f67822a1815d01d2d7e1239840ca2cb669d416bb2
seed_conditional_mean_paired_difference,H4-point,learned-er9_digital,r_1_6,2.0 dB,,mean_over_cells_within_image_before_bootstrap,0.008662420382165605,0.002292993630573248,0.015286624203821653,,,,,dad80afc7a7a4694f0ccbafcc4eaf289063ed435f5d2cc21e0dc4ddb3bba4f94,2421fd9957a6fb0f3a7ab8bd0d5980e5a7631097,0cb500227a20b0d1fe75ed5f67822a1815d01d2d7e1239840ca2cb669d416bb2
seed_conditional_mean_paired_difference,H4-point,learned-er9_digital,r_1_6,3.0 dB,,mean_over_cells_within_image_before_bootstrap,0.010530785562632696,0.004076433121019108,0.017154989384288746,,,,,dad80afc7a7a4694f0ccbafcc4eaf289063ed435f5d2cc21e0dc4ddb3bba4f94,2421fd9957a6fb0f3a7ab8bd0d5980e5a7631097,0cb500227a20b0d1fe75ed5f67822a1815d01d2d7e1239840ca2cb669d416bb2
seed_conditional_mean_paired_difference,H4-point,learned-er9_digital,r_1_6,4.0 dB,,mean_over_cells_within_image_before_bootstrap,0.010445859872611466,0.004074309978768595,0.016985138004246284,,,,,dad80afc7a7a4694f0ccbafcc4eaf289063ed435f5d2cc21e0dc4ddb3bba4f94,2421fd9957a6fb0f3a7ab8bd0d5980e5a7631097,0cb500227a20b0d1fe75ed5f67822a1815d01d2d7e1239840ca2cb669d416bb2
seed_conditional_mean_paired_difference,H4-point,learned-er9_digital,r_1_6,5.0 dB,,mean_over_cells_within_image_before_bootstrap,0.012653927813163483,0.006369426751592355,0.01927813163481953,,,,,dad80afc7a7a4694f0ccbafcc4eaf289063ed435f5d2cc21e0dc4ddb3bba4f94,2421fd9957a6fb0f3a7ab8bd0d5980e5a7631097,0cb500227a20b0d1fe75ed5f67822a1815d01d2d7e1239840ca2cb669d416bb2
seed_conditional_mean_paired_difference,H4-point,learned-er9_digital,r_1_6,6.0 dB,,mean_over_cells_within_image_before_bootstrap,0.011210191082802547,0.004925690021231422,0.017664543524416133,,,,,dad80afc7a7a4694f0ccbafcc4eaf289063ed435f5d2cc21e0dc4ddb3bba4f94,2421fd9957a6fb0f3a7ab8bd0d5980e5a7631097,0cb500227a20b0d1fe75ed5f67822a1815d01d2d7e1239840ca2cb669d416bb2
seed_conditional_mean_paired_difference,H4-point,learned-er9_digital,r_1_6,7.0 dB,,mean_over_cells_within_image_before_bootstrap,0.01239915074309979,0.006114649681528663,0.01893842887473461,,,,,dad80afc7a7a4694f0ccbafcc4eaf289063ed435f5d2cc21e0dc4ddb3bba4f94,2421fd9957a6fb0f3a7ab8bd0d5980e5a7631097,0cb500227a20b0d1fe75ed5f67822a1815d01d2d7e1239840ca2cb669d416bb2
seed_conditional_mean_paired_difference,H4-point,learned-er9_digital,r_1_6,9.0 dB,,mean_over_cells_within_image_before_bootstrap,0.011804670912951166,0.00543524416135881,0.018343949044585986,,,,,dad80afc7a7a4694f0ccbafcc4eaf289063ed435f5d2cc21e0dc4ddb3bba4f94,2421fd9957a6fb0f3a7ab8bd0d5980e5a7631097,0cb500227a20b0d1fe75ed5f67822a1815d01d2d7e1239840ca2cb669d416bb2
seed_conditional_mean_paired_difference,H4-point,learned-er9_digital,r_1_6,11.0 dB,,mean_over_cells_within_image_before_bootstrap,0.012569002123142247,0.006114649681528665,0.01927813163481953,,,,,dad80afc7a7a4694f0ccbafcc4eaf289063ed435f5d2cc21e0dc4ddb3bba4f94,2421fd9957a6fb0f3a7ab8bd0d5980e5a7631097,0cb500227a20b0d1fe75ed5f67822a1815d01d2d7e1239840ca2cb669d416bb2
seed_conditional_mean_paired_difference,H4-point,learned-er9_digital,r_1_6,13.0 dB,,mean_over_cells_within_image_before_bootstrap,0.012823779193205945,0.006369426751592359,0.01936305732484076,,,,,dad80afc7a7a4694f0ccbafcc4eaf289063ed435f5d2cc21e0dc4ddb3bba4f94,2421fd9957a6fb0f3a7ab8bd0d5980e5a7631097,0cb500227a20b0d1fe75ed5f67822a1815d01d2d7e1239840ca2cb669d416bb2
seed_conditional_mean_paired_difference,H4-point,learned-er9_digital,r_1_6,15.0 dB,,mean_over_cells_within_image_before_bootstrap,0.013248407643312102,0.006709129511677284,0.019872611464968146,,,,,dad80afc7a7a4694f0ccbafcc4eaf289063ed435f5d2cc21e0dc4ddb3bba4f94,2421fd9957a6fb0f3a7ab8bd0d5980e5a7631097,0cb500227a20b0d1fe75ed5f67822a1815d01d2d7e1239840ca2cb669d416bb2
seed_conditional_mean_paired_difference,H4-point,learned-er9_digital,r_1_6,18.0 dB,,mean_over_cells_within_image_before_bootstrap,0.013333333333333334,0.006963906581740976,0.019789808917197425,,,,,dad80afc7a7a4694f0ccbafcc4eaf289063ed435f5d2cc21e0dc4ddb3bba4f94,2421fd9957a6fb0f3a7ab8bd0d5980e5a7631097,0cb500227a20b0d1fe75ed5f67822a1815d01d2d7e1239840ca2cb669d416bb2
seed_conditional_mean_paired_difference,H2,learned-classical_fixed_mcs,r_1_6,,3.0->7.0 dB,mean_over_cells_within_image_before_bootstrap,0.7650106157112527,0.7508280254777071,0.7791082802547771,,D_C_lower=0.7552;D_L_upper=0.0040,True,,dad80afc7a7a4694f0ccbafcc4eaf289063ed435f5d2cc21e0dc4ddb3bba4f94,2421fd9957a6fb0f3a7ab8bd0d5980e5a7631097,0cb500227a20b0d1fe75ed5f67822a1815d01d2d7e1239840ca2cb669d416bb2
seed_conditional_mean_paired_difference,H3,learned-classical_adaptive,r_1_6,full grid,,mean_over_cells_within_image_before_bootstrap,-0.017131673980227368,-0.017609067772921504,-0.016652273363394445,,"{""magnitude_contraction"": true, ""negative_slope"": true, ""positive_low_gap"": true}",True,,dad80afc7a7a4694f0ccbafcc4eaf289063ed435f5d2cc21e0dc4ddb3bba4f94,2421fd9957a6fb0f3a7ab8bd0d5980e5a7631097,0cb500227a20b0d1fe75ed5f67822a1815d01d2d7e1239840ca2cb669d416bb2
